date,count_rate
2012-08-01,101.877
2012-08-02,101.429
2012-08-03,101.485
2012-08-04,101.570
2012-08-05,101.576
2012-08-06,101.487
2012-08-07,101.621
2012-08-08,101.817
2012-08-09,102.287
2012-08-10,102.308
2012-08-11,102.041
2012-08-12,102.369
2012-08-13,101.896
2012-08-14,101.918
2012-08-15,102.089
2012-08-16,102.432
2012-08-17,102.786
2012-08-18,103.003
2012-08-19,103.026
2012-08-20,102.532
2012-08-21,102.107
2012-08-22,102.222
2012-08-23,102.844
2012-08-24,103.039
2012-08-25,103.249
2012-08-26,103.137
2012-08-27,102.998
2012-08-28,103.524
2012-08-29,103.714
2012-08-30,104.034
2012-08-31,104.439
2012-09-01,104.399
2012-09-02,104.365
2012-09-03,103.681
2012-09-04,102.472
2012-09-05,100.256
2012-09-06,101.222
2012-09-07,102.740
2012-09-08,103.559
2012-09-09,103.824
2012-09-10,104.029
2012-09-11,104.226
2012-09-12,104.526
2012-09-13,104.021
2012-09-14,104.028
2012-09-15,104.301
2012-09-16,104.483
2012-09-17,104.461
2012-09-18,104.401
2012-09-19,103.823
2012-09-20,104.309
2012-09-21,104.390
2012-09-22,104.492
2012-09-23,104.843
2012-09-24,105.085
2012-09-25,105.352
2012-09-26,104.828
2012-09-27,104.230
2012-09-28,104.841
2012-09-29,104.995
2012-09-30,104.576
2012-10-01,103.844
2012-10-02,102.881
2012-10-03,103.662
2012-10-04,104.362
2012-10-05,104.534
2012-10-06,105.038
2012-10-07,104.015
2012-10-08,102.969
2012-10-09,103.344
2012-10-10,102.367
2012-10-11,102.951
2012-10-12,102.540
2012-10-13,101.917
2012-10-14,102.286
2012-10-15,102.713
2012-10-16,103.098
2012-10-17,103.584
2012-10-18,103.384
2012-10-19,103.593
2012-10-20,103.911
2012-10-21,104.085
2012-10-22,104.385
2012-10-23,104.910
2012-10-24,104.993
2012-10-25,105.564
2012-10-26,105.298
2012-10-27,105.210
2012-10-28,104.964
2012-10-29,105.145
2012-10-30,104.976
2012-10-31,105.007
2012-11-01,103.678
2012-11-02,104.193
2012-11-03,104.635
2012-11-04,105.045
2012-11-05,105.181
2012-11-06,105.313
2012-11-07,105.337
2012-11-08,105.345
2012-11-09,105.844
2012-11-10,105.614
2012-11-11,105.728
2012-11-12,106.134
2012-11-13,104.203
2012-11-14,103.856
2012-11-15,103.463
2012-11-16,104.052
2012-11-17,104.661
2012-11-18,104.929
2012-11-19,104.855
2012-11-20,104.438
2012-11-21,103.981
2012-11-22,104.086
2012-11-23,104.463
2012-11-24,102.401
2012-11-25,101.779
2012-11-26,102.591
2012-11-27,102.898
2012-11-28,103.553
2012-11-29,103.754
2012-11-30,104.310
2012-12-01,104.406
2012-12-02,103.664
2012-12-03,103.640
2012-12-04,103.807
2012-12-05,104.210
2012-12-06,104.892
2012-12-07,105.257
2012-12-08,105.520
2012-12-09,105.563
2012-12-10,105.528
2012-12-11,105.630
2012-12-12,104.878
2012-12-13,105.383
2012-12-14,105.278
2012-12-15,105.019
2012-12-16,104.820
2012-12-17,104.673
2012-12-18,105.109
2012-12-19,104.977
2012-12-20,104.493
2012-12-21,104.603
2012-12-22,105.092
2012-12-23,105.451
2012-12-24,105.653
2012-12-25,105.885
2012-12-26,106.049
2012-12-27,105.846
2012-12-28,105.905
2012-12-29,105.677
2012-12-30,105.215
2012-12-31,105.300
2013-01-01,105.407
2013-01-02,105.487
2013-01-03,105.799
2013-01-04,105.631
2013-01-05,106.193
2013-01-06,106.079
2013-01-07,105.781
2013-01-08,105.701
2013-01-09,105.824
2013-01-10,106.300
2013-01-11,105.814
2013-01-12,105.705
2013-01-13,105.738
2013-01-14,105.704
2013-01-15,105.987
2013-01-16,105.780
2013-01-17,105.389
2013-01-18,104.561
2013-01-19,103.814
2013-01-20,103.632
2013-01-21,104.563
2013-01-22,104.880
2013-01-23,105.364
2013-01-24,105.954
2013-01-25,105.965
2013-01-26,105.317
2013-01-27,104.493
2013-01-28,104.241
2013-01-29,104.665
2013-01-30,105.599
2013-01-31,106.048
2013-02-01,106.200
2013-02-02,105.994
2013-02-03,105.754
2013-02-04,105.735
2013-02-05,106.088
2013-02-06,105.803
2013-02-07,105.750
2013-02-08,105.503
2013-02-09,105.521
2013-02-10,105.758
2013-02-11,106.136
2013-02-12,106.027
2013-02-13,105.307
2013-02-14,105.327
2013-02-15,105.340
2013-02-16,105.234
2013-02-17,104.131
2013-02-18,104.672
2013-02-19,105.200
2013-02-20,105.506
2013-02-21,105.108
2013-02-22,105.294
2013-02-23,105.287
2013-02-24,105.446
2013-02-25,105.257
2013-02-26,105.000
2013-02-27,105.133
2013-02-28,105.127
2013-03-01,105.738
2013-03-02,105.768
2013-03-03,106.011
2013-03-04,105.405
2013-03-05,105.379
2013-03-06,105.649
2013-03-07,105.967
2013-03-08,106.414
2013-03-09,106.461
2013-03-10,106.415
2013-03-11,106.559
2013-03-12,106.655
2013-03-13,106.716
2013-03-14,106.009
2013-03-15,104.826
2013-03-16,103.821
2013-03-17,102.053
2013-03-18,100.886
2013-03-19,100.347
2013-03-20,101.435
2013-03-21,102.238
2013-03-22,102.399
2013-03-23,103.040
2013-03-24,103.765
2013-03-25,104.152
2013-03-26,104.047
2013-03-27,104.056
2013-03-28,104.469
2013-03-29,104.786
2013-03-30,104.457
2013-03-31,104.667
2013-04-01,104.937
2013-04-02,105.312
2013-04-03,105.688
2013-04-04,106.003
2013-04-05,106.305
2013-04-06,105.754
2013-04-07,105.832
2013-04-08,105.701
2013-04-09,106.059
2013-04-10,105.398
2013-04-11,105.223
2013-04-12,105.013
2013-04-13,105.117
2013-04-14,102.284
2013-04-15,101.692
2013-04-16,102.646
2013-04-17,103.130
2013-04-18,103.463
2013-04-19,103.754
2013-04-20,104.282
2013-04-21,104.610
2013-04-22,104.324
2013-04-23,103.935
2013-04-24,103.913
2013-04-25,103.594
2013-04-26,104.436
2013-04-27,105.165
2013-04-28,105.661
2013-04-29,105.968
2013-04-30,104.944
2013-05-01,104.425
2013-05-02,104.759
2013-05-03,104.534
2013-05-04,104.426
2013-05-05,104.603
2013-05-06,103.927
2013-05-07,102.828
2013-05-08,103.017
2013-05-09,102.779
2013-05-10,103.026
2013-05-11,103.206
2013-05-12,103.200
2013-05-13,102.770
2013-05-14,102.603
2013-05-15,102.197
2013-05-16,100.724
2013-05-17,100.302
2013-05-23,100.203
2013-05-24,100.340
2013-05-28,100.530
2013-05-29,101.164
2013-05-30,101.505
2013-05-31,102.107
2013-06-01,101.295
2013-06-02,100.782
2013-06-03,101.191
2013-06-04,101.266
2013-06-05,101.273
2013-06-06,101.416
2013-06-07,100.592
2013-06-08,100.179
2013-06-09,100.352
2013-06-10,100.447
2013-06-11,100.946
2013-06-12,101.738
2013-06-13,102.141
2013-06-14,102.004
2013-06-15,102.472
2013-06-16,102.179
2013-06-17,102.064
2013-06-18,102.599
2013-06-19,102.991
2013-06-20,102.915
2013-06-21,103.003
2013-06-22,102.676
2013-06-23,102.113
2013-06-24,100.383
2013-06-25,101.294
2013-06-26,100.462
2013-06-27,101.450
2013-06-28,100.722
2013-06-29,102.315
2013-06-30,102.558
2013-07-01,102.869
2013-07-02,102.206
2013-07-03,101.416
2013-07-04,101.278
2013-07-05,101.545
2013-07-07,100.217
2013-07-08,101.778
2013-07-09,101.671
2013-07-10,100.515
2013-07-11,100.829
2013-07-12,101.433
2013-07-14,100.580
2013-07-15,100.728
2013-07-16,101.332
2013-07-17,102.294
2013-07-18,102.437
2013-07-19,102.785
2013-07-20,103.332
2013-07-21,103.090
2013-07-22,102.968
2013-07-23,103.111
2013-07-24,103.161
2013-07-25,103.631
2013-07-26,103.166
2013-07-27,103.230
2013-07-28,102.523
2013-07-29,102.017
2013-07-30,101.563
2013-07-31,101.856
2013-08-01,102.008
2013-08-02,102.403
2013-08-03,102.425
2013-08-04,101.520
2013-08-05,101.333
2013-08-06,101.736
2013-08-07,102.026
2013-08-08,102.469
2013-08-09,102.933
2013-08-10,102.709
2013-08-11,102.359
2013-08-12,102.726
2013-08-13,103.073
2013-08-14,103.184
2013-08-15,103.290
2013-08-16,103.295
2013-08-17,103.253
2013-08-18,103.198
2013-08-19,103.304
2013-08-20,103.313
2013-08-21,102.883
2013-08-22,102.849
2013-08-23,103.063
2013-08-24,101.150
2013-08-25,101.727
2013-08-26,102.193
2013-08-27,102.425
2013-08-28,102.808
2013-08-29,103.103
2013-08-30,102.413
2013-08-31,102.266
2013-09-01,102.143
2013-09-02,102.260
2013-09-03,101.604
2013-09-04,100.806
2013-09-05,101.177
2013-09-06,101.457
2013-09-07,101.602
2013-09-08,102.370
2013-09-09,102.676
2013-09-10,103.200
2013-09-11,103.255
2013-09-12,103.327
2013-09-13,103.549
2013-09-14,103.545
2013-09-15,103.787
2013-09-16,103.803
2013-09-17,103.541
2013-09-18,103.253
2013-09-19,103.144
2013-09-20,103.362
2013-09-21,103.882
2013-09-22,103.861
2013-09-23,104.108
2013-09-24,103.962
2013-09-25,104.475
2013-09-26,104.156
2013-09-27,104.292
2013-09-28,104.516
2013-09-29,104.383
2013-09-30,104.796
2013-10-01,104.481
2013-10-02,102.724
2013-10-03,102.804
2013-10-04,103.198
2013-10-05,103.711
2013-10-06,104.224
2013-10-07,104.535
2013-10-08,104.651
2013-10-09,103.497
2013-10-10,104.110
2013-10-11,104.664
2013-10-12,105.044
2013-10-13,104.816
2013-10-14,104.837
2013-10-15,103.671
2013-10-16,103.577
2013-10-17,104.136
2013-10-18,104.355
2013-10-19,104.471
2013-10-20,105.164
2013-10-21,105.824
2013-10-22,105.535
2013-10-23,104.750
2013-10-24,104.114
2013-10-25,104.273
2013-10-26,105.042
2013-10-27,105.104
2013-10-28,105.287
2013-10-29,104.998
2013-10-30,103.388
2013-10-31,103.526
2013-11-01,104.015
2013-11-02,104.054
2013-11-03,104.224
2013-11-04,104.425
2013-11-05,104.142
2013-11-06,104.577
2013-11-07,104.506
2013-11-08,104.676
2013-11-09,103.633
2013-11-10,103.292
2013-11-11,102.227
2013-11-12,102.431
2013-11-13,102.917
2013-11-14,103.370
2013-11-15,103.202
2013-11-16,103.412
2013-11-17,104.064
2013-11-18,104.040
2013-11-19,104.264
2013-11-20,104.656
2013-11-21,104.565
2013-11-22,104.225
2013-11-23,103.947
2013-11-24,103.953
2013-11-25,104.137
2013-11-26,103.381
2013-11-27,102.730
2013-11-28,103.448
2013-11-29,104.195
2013-11-30,104.158
2013-12-01,102.647
2013-12-02,101.966
2013-12-03,102.097
2013-12-04,103.037
2013-12-05,103.366
2013-12-06,103.385
2013-12-07,103.569
2013-12-08,102.836
2013-12-09,102.767
2013-12-10,102.281
2013-12-11,102.260
2013-12-12,103.244
2013-12-13,103.317
2013-12-14,103.233
2013-12-15,100.831
2013-12-16,100.876
2013-12-17,102.279
2013-12-18,102.725
2013-12-19,102.622
2013-12-20,102.389
2013-12-21,103.173
2013-12-22,103.200
2013-12-23,103.361
2013-12-24,103.470
2013-12-25,102.593
2013-12-26,103.330
2013-12-27,103.280
2013-12-28,104.098
2013-12-29,104.236
2013-12-30,104.036
2013-12-31,104.164
2014-01-01,103.707
2014-01-02,102.540
2014-01-03,102.867
2014-01-04,103.564
2014-01-05,103.934
2014-01-06,104.157
2014-01-07,104.407
2014-01-08,103.480
2014-01-09,103.751
2014-01-10,102.220
2014-01-11,102.515
2014-01-12,102.273
2014-01-13,102.240
2014-01-14,103.681
2014-01-15,104.099
2014-01-16,104.177
2014-01-17,104.251
2014-01-18,104.560
2014-01-19,104.050
2014-01-20,104.070
2014-01-21,103.871
2014-01-22,103.342
2014-01-23,103.352
2014-01-24,103.150
2014-01-25,102.828
2014-01-26,102.720
2014-01-27,103.286
2014-01-28,102.689
2014-01-29,102.749
2014-01-30,103.532
2014-01-31,103.370
2014-02-01,103.568
2014-02-02,103.328
2014-02-03,102.951
2014-02-04,102.069
2014-02-05,102.233
2014-02-06,101.690
2014-02-07,102.449
2014-02-08,102.406
2014-02-09,102.797
2014-02-10,103.450
2014-02-11,103.069
2014-02-12,102.075
2014-02-13,101.702
2014-02-14,102.521
2014-02-15,102.219
2014-02-17,100.540
2014-02-18,101.351
2014-02-19,101.696
2014-02-20,100.187
2014-02-25,100.380
2014-02-26,101.172
2014-02-27,101.737
2014-03-04,100.315
2014-03-05,100.619
2014-03-06,101.143
2014-03-07,101.479
2014-03-08,102.508
2014-03-09,102.905
2014-03-10,103.542
2014-03-11,103.548
2014-03-12,103.224
2014-03-13,102.548
2014-03-14,102.153
2014-03-15,102.597
2014-03-16,103.010
2014-03-17,103.282
2014-03-18,103.681
2014-03-19,103.903
2014-03-20,103.518
2014-03-21,102.762
2014-03-22,102.931
2014-03-23,102.408
2014-03-24,102.401
2014-03-25,102.671
2014-03-26,101.839
2014-03-27,101.586
2014-03-28,101.987
2014-03-29,102.346
2014-03-30,103.314
2014-03-31,103.710
2014-04-01,104.027
2014-04-02,104.029
2014-04-03,104.215
2014-04-04,103.995
2014-04-05,103.431
2014-04-06,101.926
2014-04-07,102.054
2014-04-08,102.162
2014-04-09,101.951
2014-04-10,101.975
2014-04-11,102.083
2014-04-12,102.413
2014-04-13,102.867
2014-04-14,103.056
2014-04-15,103.712
2014-04-16,103.981
2014-04-17,103.810
2014-04-18,102.398
2014-04-19,100.518
2014-04-20,100.842
2014-04-21,100.891
2014-04-22,101.526
2014-04-23,102.340
2014-04-24,101.874
2014-04-25,102.282
2014-04-26,102.517
2014-04-27,102.810
2014-04-28,103.749
2014-04-29,104.112
2014-04-30,104.023
2014-05-01,104.901
2014-05-02,105.086
2014-05-03,104.827
2014-05-04,103.974
2014-05-05,103.647
2014-05-06,103.748
2014-05-07,103.631
2014-05-08,104.005
2014-05-09,103.665
2014-05-10,103.592
2014-05-11,104.080
2014-05-12,104.871
2014-05-13,104.960
2014-05-14,104.928
2014-05-15,104.873
2014-05-16,103.406
2014-05-17,103.373
2014-05-18,103.574
2014-05-19,103.356
2014-05-20,103.575
2014-05-21,103.489
2014-05-22,103.362
2014-05-23,101.801
2014-05-24,101.644
2014-05-25,102.176
2014-05-26,102.397
2014-05-27,103.140
2014-05-28,103.022
2014-05-29,103.258
2014-05-30,102.318
2014-05-31,101.494
2014-06-01,102.525
2014-06-02,103.144
2014-06-03,103.649
2014-06-04,103.555
2014-06-05,103.758
2014-06-06,104.024
2014-06-07,103.219
2014-06-08,101.199
2014-06-09,101.787
2014-06-10,103.215
2014-06-11,103.262
2014-06-12,103.309
2014-06-13,103.655
2014-06-14,103.592
2014-06-15,103.114
2014-06-16,102.304
2014-06-17,102.230
2014-06-18,100.717
2014-06-21,100.117
2014-06-22,100.545
2014-06-23,100.719
2014-06-24,101.384
2014-06-25,101.584
2014-06-26,101.631
2014-06-27,101.760
2014-06-28,101.648
2014-06-29,101.521
2014-06-30,101.682
2014-07-01,101.839
2014-07-02,102.186
2014-07-03,102.466
2014-07-04,102.533
2014-07-05,102.514
2014-07-06,102.601
2014-07-07,102.785
2014-07-08,102.374
2014-07-09,102.627
2014-07-10,102.086
2014-07-11,102.428
2014-07-12,102.830
2014-07-13,102.769
2014-07-14,101.708
2014-07-15,101.162
2014-07-16,101.394
2014-07-17,101.489
2014-07-18,102.121
2014-07-19,102.557
2014-07-20,102.810
2014-07-21,103.310
2014-07-22,103.681
2014-07-23,104.060
2014-07-24,104.151
2014-07-25,104.021
2014-07-26,104.000
2014-07-27,103.866
2014-07-28,103.651
2014-07-29,103.850
2014-07-30,104.085
2014-07-31,103.940
2014-08-01,104.219
2014-08-02,103.940
2014-08-03,103.558
2014-08-04,103.278
2014-08-05,103.117
2014-08-06,103.674
2014-08-07,103.331
2014-08-08,102.938
2014-08-09,103.156
2014-08-10,103.702
2014-08-11,103.141
2014-08-12,102.896
2014-08-13,102.598
2014-08-14,102.868
2014-08-15,102.971
2014-08-16,103.677
2014-08-17,103.869
2014-08-18,103.646
2014-08-19,103.823
2014-08-20,103.616
2014-08-21,104.231
2014-08-22,104.707
2014-08-23,104.656
2014-08-24,104.701
2014-08-25,105.021
2014-08-26,105.230
2014-08-27,104.835
2014-08-28,104.378
2014-08-29,104.533
2014-08-30,104.338
2014-08-31,104.490
2014-09-01,104.560
2014-09-02,104.413
2014-09-03,104.751
2014-09-04,104.883
2014-09-05,103.385
2014-09-06,103.109
2014-09-07,101.390
2014-09-08,100.975
2014-09-09,101.288
2014-09-10,101.278
2014-09-11,101.271
2014-09-16,101.385
2014-09-17,102.110
2014-09-18,101.845
2014-09-19,103.199
2014-09-20,104.356
2014-09-21,105.609
2014-09-22,106.390
2014-09-23,106.100
2014-09-24,105.277
2014-09-25,104.261
2014-09-26,103.624
2014-09-27,103.385
2014-09-28,103.012
2014-09-29,102.629
2014-09-30,101.750
2014-10-01,101.699
2014-10-02,101.746
2014-10-03,102.076
2014-10-04,101.633
2014-10-05,101.490
2014-10-06,101.631
2014-10-07,101.909
2014-10-08,102.181
2014-10-09,102.495
2014-10-10,102.302
2014-10-11,102.602
2014-10-12,103.324
2014-10-13,103.326
2014-10-14,102.901
2014-10-15,104.374
2014-10-16,105.137
2014-10-17,105.674
2014-10-18,105.811
2014-10-19,105.308
2014-10-20,104.290
2014-10-21,103.106
2014-10-22,103.018
2014-10-23,103.477
2014-10-24,102.089
2014-10-25,101.550
2014-10-26,102.054
2014-10-27,101.051
2014-10-28,100.549
2014-10-29,101.265
2014-10-30,102.381
2014-10-31,102.330
2014-11-01,101.397
2014-11-02,100.751
2014-11-03,100.673
2014-11-04,100.018
2014-11-07,100.354
2014-11-08,100.353
2014-11-09,100.739
2014-11-12,100.344
2014-11-13,102.004
2014-11-14,102.724
2014-11-15,102.769
2014-11-16,102.911
2014-11-17,104.156
2014-11-18,105.017
2014-11-19,105.839
2014-11-20,105.975
2014-11-21,105.545
2014-11-22,104.574
2014-11-23,103.847
2014-11-24,103.172
2014-11-25,103.263
2014-11-26,103.667
2014-11-27,103.806
2014-11-28,103.718
2014-11-29,103.488
2014-11-30,103.086
2014-12-01,101.938
2014-12-11,100.676
2014-12-12,101.363
2014-12-13,102.095
2014-12-14,102.783
2014-12-15,103.859
2014-12-16,104.821
2014-12-17,105.958
2014-12-18,105.738
2014-12-19,104.779
2014-12-20,104.496
2014-12-21,103.123
2015-01-09,100.647
2015-01-10,101.908
2015-01-11,102.726
2015-01-12,103.339
2015-01-13,103.590
2015-01-14,103.998
2015-01-15,103.897
2015-01-16,103.119
2015-01-17,102.619
2015-01-18,102.656
2015-01-19,103.042
2015-01-20,103.474
2015-01-21,102.655
2015-01-22,102.156
2015-01-23,102.197
2015-01-24,101.978
2015-01-25,101.773
2015-01-26,100.270
2015-01-27,100.333
2015-01-28,100.181
2015-02-05,100.062
2015-02-06,100.160
2015-02-07,100.627
2015-02-08,100.937
2015-02-09,101.406
2015-02-10,101.970
2015-02-11,102.649
2015-02-12,103.061
2015-02-13,103.487
2015-02-14,103.283
2015-02-15,103.117
2015-02-16,102.495
2015-02-17,102.054
2015-02-18,101.214
2015-02-19,101.047
2015-02-20,101.478
2015-02-21,101.777
2015-02-22,101.242
2015-02-23,101.331
2015-02-24,101.167
2015-02-25,101.358
2015-02-26,101.536
2015-02-27,101.926
2015-02-28,101.977
2015-03-01,101.809
2015-03-02,100.818
2015-03-03,100.445
2015-03-04,100.580
2015-03-05,100.996
2015-03-06,101.131
2015-03-07,100.901
2015-03-08,101.038
2015-03-09,101.721
2015-03-10,101.522
2015-03-11,101.179
2015-03-13,100.330
2015-03-14,100.501
2015-03-15,100.724
2015-03-16,100.449
2015-03-25,100.260
2015-03-26,100.590
2015-04-03,100.055
2015-04-04,100.776
2015-04-05,101.407
2015-04-06,101.558
2015-04-07,101.569
2015-04-08,101.902
2015-04-09,101.592
2015-04-13,100.332
2015-04-14,100.742
2015-04-15,100.573
2015-04-16,100.901
2015-04-17,100.764
2015-04-18,100.533
2015-04-19,100.830
2015-04-20,101.685
2015-04-21,101.209
2015-04-22,100.886
2015-04-23,100.998
2015-04-24,101.111
2015-04-25,101.390
2015-04-26,101.549
2015-04-27,101.776
2015-04-28,102.083
2015-04-29,102.510
2015-04-30,102.472
2015-05-01,102.156
2015-05-02,102.034
2015-05-03,102.025
2015-05-04,101.996
2015-05-05,101.321
2015-05-09,100.409
2015-05-10,100.858
2015-05-11,101.102
2015-05-12,101.019
2015-05-13,101.385
2015-05-14,102.125
2015-05-15,102.387
2015-05-16,103.012
2015-05-17,102.933
2015-05-18,102.690
2015-05-19,102.026
2015-05-20,101.772
2015-05-21,102.156
2015-05-22,102.436
2015-05-23,102.315
2015-05-24,103.032
2015-05-25,103.238
2015-05-26,103.901
2015-05-27,104.265
2015-05-28,104.398
2015-05-29,104.187
2015-05-30,104.054
2015-05-31,103.560
2015-06-01,103.303
2015-06-02,103.379
2015-06-03,103.460
2015-06-04,103.626
2015-06-05,103.710
2015-06-06,103.484
2015-06-07,103.794
2015-06-08,103.314
2015-06-09,103.439
2015-06-10,103.670
2015-06-11,104.149
2015-06-12,104.541
2015-06-13,104.194
2015-06-14,103.468
2015-06-15,102.174
2015-06-16,102.491
2015-06-17,102.988
2015-06-18,103.015
2015-06-19,103.485
2015-06-20,103.807
2015-06-21,103.412
2015-06-22,101.165
2015-06-30,101.663
2015-07-01,102.321
2015-07-02,102.569
2015-07-03,102.596
2015-07-04,103.108
2015-07-05,102.719
2015-07-06,102.959
2015-07-07,102.987
2015-07-08,103.135
2015-07-09,103.433
2015-07-10,103.962
2015-07-11,103.414
2015-07-12,103.194
2015-07-13,101.531
2015-07-14,101.935
2015-07-15,102.694
2015-07-16,102.223
2015-07-17,102.474
2015-07-18,102.829
2015-07-19,102.997
2015-07-20,103.090
2015-07-21,103.172
2015-07-22,103.134
2015-07-23,103.547
2015-07-24,103.432
2015-07-25,103.594
2015-07-26,103.262
2015-07-27,103.102
2015-07-28,103.669
2015-07-29,104.329
2015-07-30,104.706
2015-07-31,104.374
2015-08-01,104.126
2015-08-02,104.137
2015-08-03,103.940
2015-08-04,104.243
2015-08-05,104.365
2015-08-06,104.469
2015-08-07,103.539
2015-08-08,103.621
2015-08-09,103.626
2015-08-10,103.689
2015-08-11,102.024
2015-08-12,101.600
2015-08-13,102.809
2015-08-14,102.848
2015-08-15,101.742
2015-08-16,101.657
2015-08-17,102.056
2015-08-18,102.745
2015-08-19,103.538
2015-08-20,103.329
2015-08-21,103.394
2015-08-22,103.375
2015-08-23,103.717
2015-08-24,104.241
2015-08-25,104.289
2015-08-26,102.562
2015-08-27,102.124
2015-08-28,102.719
2015-08-29,103.054
2015-08-30,103.693
2015-08-31,103.919
2015-09-01,104.246
2015-09-02,104.588
2015-09-03,104.664
2015-09-04,104.557
2015-09-05,104.110
2015-09-06,103.930
2015-09-07,103.019
2015-09-08,101.871
2015-09-09,101.924
2015-09-10,102.480
2015-09-11,101.862
2015-09-12,101.562
2015-09-13,101.879
2015-09-14,101.913
2015-09-15,102.528
2015-09-16,102.659
2015-09-17,102.617
2015-09-18,102.847
2015-09-19,104.171
2015-09-20,103.549
2015-09-21,104.278
2015-09-22,103.917
2015-09-23,103.490
2015-09-24,103.256
2015-09-25,103.317
2015-09-26,103.730
2015-09-27,103.897
2015-09-28,104.028
2015-09-29,103.893
2015-09-30,103.922
2015-10-01,104.191
2015-10-02,103.740
2015-10-03,103.123
2015-10-04,102.708
2015-10-05,103.164
2015-10-06,102.983
2015-10-07,102.735
2015-10-08,103.295
2015-10-09,103.400
2015-10-10,103.609
2015-10-11,103.087
2015-10-12,102.893
2015-10-13,103.031
2015-10-14,102.908
2015-10-15,102.449
2015-10-16,103.110
2015-10-17,103.500
2015-10-18,103.735
2015-10-19,103.876
2015-10-20,103.967
2015-10-21,104.281
2015-10-22,104.185
2015-10-23,104.291
2015-10-24,104.258
2015-10-25,103.340
2015-10-26,103.177
2015-10-27,103.960
2015-10-28,104.020
2015-10-29,104.244
2015-10-30,104.213
2015-10-31,103.922
2015-11-01,104.002
2015-11-02,104.244
2015-11-03,104.758
2015-11-04,103.281
2015-11-05,103.738
2015-11-06,103.651
2015-11-07,101.437
2015-11-08,102.200
2015-11-09,102.636
2015-11-10,101.849
2015-11-11,102.094
2015-11-12,102.557
2015-11-13,102.967
2015-11-14,103.169
2015-11-15,103.778
2015-11-16,103.676
2015-11-17,104.218
2015-11-18,104.698
2015-11-19,103.948
2015-11-20,104.108
2015-11-21,103.710
2015-11-22,104.486
2015-11-23,104.779
2015-11-24,105.317
2015-11-25,105.764
2015-11-26,105.439
2015-11-27,105.009
2015-11-28,105.115
2015-11-29,105.722
2015-11-30,106.092
2015-12-01,106.324
2015-12-02,105.542
2015-12-03,105.018
2015-12-04,104.269
2015-12-05,103.747
2015-12-06,103.533
2015-12-07,103.350
2015-12-08,103.471
2015-12-09,103.672
2015-12-10,104.010
2015-12-11,103.504
2015-12-12,104.024
2015-12-13,104.358
2015-12-14,105.124
2015-12-15,104.172
2015-12-16,104.267
2015-12-17,104.210
2015-12-18,104.250
2015-12-19,104.588
2015-12-20,102.835
2015-12-21,103.455
2015-12-22,104.512
2015-12-23,105.197
2015-12-24,105.328
2015-12-25,105.424
2015-12-26,106.144
2015-12-27,105.758
2015-12-28,106.150
2015-12-29,106.334
2015-12-30,106.279
2015-12-31,103.565
2016-01-01,103.902
2016-01-02,104.848
2016-01-03,105.063
2016-01-04,105.351
2016-01-05,105.818
2016-01-06,106.487
2016-01-07,106.740
2016-01-08,106.575
2016-01-09,106.645
2016-01-10,106.599
2016-01-11,106.130
2016-01-12,105.933
2016-01-13,105.957
2016-01-14,105.977
2016-01-15,106.375
2016-01-16,106.596
2016-01-17,106.162
2016-01-18,105.938
2016-01-19,105.348
2016-01-20,105.364
2016-01-21,105.492
2016-01-22,105.467
2016-01-23,105.956
2016-01-24,107.032
2016-01-25,108.019
2016-01-26,108.076
2016-01-27,107.190
2016-01-28,106.965
2016-01-29,107.214
2016-01-30,107.631
2016-01-31,107.644
2016-02-01,107.367
2016-02-02,108.128
2016-02-03,108.419
2016-02-04,107.043
2016-02-05,106.321
2016-02-06,106.506
2016-02-07,106.635
2016-02-08,107.215
2016-02-09,107.259
2016-02-10,107.169
2016-02-11,107.899
2016-02-12,107.449
2016-02-13,106.785
2016-02-14,106.988
2016-02-15,106.315
2016-02-16,106.809
2016-02-17,106.804
2016-02-18,106.587
2016-02-19,106.529
2016-02-20,107.014
2016-02-21,107.265
2016-02-22,107.664
2016-02-23,107.967
2016-02-24,108.454
2016-02-25,108.329
2016-02-26,107.762
2016-02-27,106.894
2016-02-28,106.379
2016-02-29,106.176
2016-03-01,106.758
2016-03-02,107.894
2016-03-03,108.056
2016-03-04,108.207
2016-03-05,108.297
2016-03-06,107.730
2016-03-07,106.515
2016-03-08,106.505
2016-03-09,107.021
2016-03-10,107.708
2016-03-11,107.672
2016-03-12,107.244
2016-03-13,107.142
2016-03-14,106.531
2016-03-15,106.031
2016-03-16,106.113
2016-03-17,106.027
2016-03-18,107.084
2016-03-19,107.085
2016-03-20,107.329
2016-03-21,107.703
2016-03-22,107.487
2016-03-23,107.010
2016-03-24,106.292
2016-03-25,105.742
2016-03-26,105.615
2016-03-27,105.735
2016-03-28,106.859
2016-03-29,106.755
2016-03-30,107.057
2016-03-31,107.573
2016-04-01,108.335
2016-04-02,108.501
2016-04-03,108.151
2016-04-04,108.124
2016-04-05,108.079
2016-04-06,108.254
2016-04-07,107.888
2016-04-08,107.722
2016-04-09,108.017
2016-04-10,108.099
2016-04-11,106.931
2016-04-12,107.330
2016-04-13,107.242
2016-04-14,105.971
2016-04-15,105.474
2016-04-16,105.867
2016-04-17,106.399
2016-04-18,107.197
2016-04-19,107.125
2016-04-20,106.826
2016-04-21,106.292
2016-04-22,105.937
2016-04-23,105.835
2016-04-24,106.374
2016-04-25,106.517
2016-04-26,106.437
2016-04-27,106.923
2016-04-28,107.503
2016-04-29,108.142
2016-04-30,108.447
2016-05-01,107.940
2016-05-02,107.665
2016-05-03,107.320
2016-05-04,106.996
2016-05-05,107.479
2016-05-06,107.160
2016-05-07,106.783
2016-05-08,106.578
2016-05-09,106.595
2016-05-10,107.003
2016-05-11,107.790
2016-05-12,108.055
2016-05-13,108.348
2016-05-14,108.446
2016-05-15,107.719
2016-05-16,107.513
2016-05-17,107.059
2016-05-18,106.800
2016-05-19,106.395
2016-05-20,105.465
2016-05-21,105.764
2016-05-22,106.446
2016-05-23,106.702
2016-05-24,107.085
2016-05-25,107.763
2016-05-26,108.324
2016-05-27,108.261
2016-05-28,107.735
2016-05-29,107.755
2016-05-30,107.468
2016-05-31,107.724
2016-06-01,107.870
2016-06-02,108.613
2016-06-03,109.373
2016-06-04,109.692
2016-06-05,109.282
2016-06-06,108.829
2016-06-07,108.702
2016-06-08,108.971
2016-06-09,109.328
2016-06-10,109.443
2016-06-11,109.240
2016-06-12,108.847
2016-06-13,107.901
2016-06-14,106.714
2016-06-15,106.047
2016-06-16,105.435
2016-06-17,105.297
2016-06-18,105.783
2016-06-19,106.622
2016-06-20,107.757
2016-06-21,108.329
2016-06-22,108.770
2016-06-23,107.338
2016-06-24,107.210
2016-06-25,106.814
2016-06-26,106.877
2016-06-27,106.854
2016-06-28,107.123
2016-06-29,107.452
2016-06-30,108.020
2016-07-01,107.744
2016-07-02,107.804
2016-07-03,107.994
2016-07-04,108.333
2016-07-05,108.953
2016-07-06,109.252
2016-07-07,109.002
2016-07-08,107.583
2016-07-09,107.534
2016-07-10,106.693
2016-07-11,106.431
2016-07-12,105.837
2016-07-13,105.506
2016-07-14,105.443
2016-07-15,105.729
2016-07-16,106.174
2016-07-17,106.981
2016-07-18,107.562
2016-07-19,107.961
2016-07-20,106.123
2016-07-21,105.767
2016-07-22,106.416
2016-07-23,106.983
2016-07-24,107.215
2016-07-25,106.924
2016-07-26,107.562
2016-07-27,107.663
2016-07-28,108.210
2016-07-29,108.149
2016-07-30,108.578
2016-07-31,108.951
2016-08-01,109.520
2016-08-02,109.208
2016-08-03,107.572
2016-08-04,107.783
2016-08-05,108.125
2016-08-06,107.565
2016-08-07,107.251
2016-08-08,107.531
2016-08-09,107.080
2016-08-10,106.931
2016-08-11,107.164
2016-08-12,107.674
2016-08-13,108.075
2016-08-14,108.613
2016-08-15,108.560
2016-08-16,108.508
2016-08-17,108.807
2016-08-18,108.305
2016-08-19,107.788
2016-08-20,107.259
2016-08-21,106.917
2016-08-22,106.990
2016-08-23,107.982
2016-08-24,107.383
2016-08-25,107.778
2016-08-26,108.298
2016-08-27,108.766
2016-08-28,109.267
2016-08-29,109.536
2016-08-30,109.505
2016-08-31,108.753
2016-09-01,107.822
2016-09-02,107.341
2016-09-03,106.831
2016-09-04,106.672
2016-09-05,106.877
2016-09-06,107.171
2016-09-07,107.380
2016-09-08,107.302
2016-09-09,107.613
2016-09-10,108.420
2016-09-11,108.451
2016-09-12,108.710
2016-09-13,109.040
2016-09-14,109.479
2016-09-15,109.555
2016-09-16,109.687
2016-09-17,109.658
2016-09-18,108.455
2016-09-19,108.297
2016-09-20,108.061
2016-09-21,108.113
2016-09-22,108.294
2016-09-23,108.113
2016-09-24,108.408
2016-09-25,108.614
2016-09-26,108.964
2016-09-27,108.128
2016-09-28,107.740
2016-09-29,107.605
2016-09-30,107.933
2016-10-01,108.200
2016-10-02,108.403
2016-10-03,108.331
2016-10-04,108.719
2016-10-05,108.829
2016-10-06,109.216
2016-10-07,109.562
2016-10-08,110.141
2016-10-09,110.608
2016-10-10,110.272
2016-10-11,110.333
2016-10-12,109.743
2016-10-13,108.903
2016-10-14,109.858
2016-10-15,108.420
2016-10-16,108.761
2016-10-17,108.384
2016-10-18,108.513
2016-10-19,108.732
2016-10-20,109.013
2016-10-21,109.268
2016-10-22,110.024
2016-10-23,110.183
2016-10-24,109.407
2016-10-25,108.924
2016-10-26,108.014
2016-10-27,108.117
2016-10-28,108.101
2016-10-29,108.159
2016-10-30,108.185
2016-10-31,108.885
2016-11-01,109.710
2016-11-02,109.416
2016-11-03,109.176
2016-11-04,109.411
2016-11-05,110.384
2016-11-06,111.107
2016-11-07,111.168
2016-11-08,111.004
2016-11-09,110.747
2016-11-10,110.349
2016-11-11,110.029
2016-11-12,110.038
2016-11-13,109.219
2016-11-14,108.931
2016-11-15,109.040
2016-11-16,109.461
2016-11-17,110.246
2016-11-18,110.562
2016-11-19,110.856
2016-11-20,111.278
2016-11-21,110.945
2016-11-22,108.990
2016-11-23,108.172
2016-11-24,108.363
2016-11-25,108.456
2016-11-26,108.289
2016-11-27,108.582
2016-11-28,108.883
2016-11-29,109.115
2016-11-30,109.711
2016-12-01,110.107
2016-12-02,110.131
2016-12-03,110.942
2016-12-04,111.301
2016-12-05,111.259
2016-12-06,110.492
2016-12-07,110.485
2016-12-08,110.914
2016-12-09,110.422
2016-12-10,109.862
2016-12-11,109.817
2016-12-12,109.438
2016-12-13,109.755
2016-12-14,110.321
2016-12-15,110.250
2016-12-16,110.153
2016-12-17,110.473
2016-12-18,110.010
2016-12-19,108.917
2016-12-20,108.630
2016-12-21,108.721
2016-12-22,108.730
2016-12-23,108.825
2016-12-24,108.516
2016-12-25,107.923
2016-12-26,108.088
2016-12-27,107.915
2016-12-28,108.158
2016-12-29,108.803
2016-12-30,109.718
2016-12-31,110.572
2017-01-01,110.487
2017-01-02,110.790
2017-01-03,111.069
2017-01-04,110.690
2017-01-05,110.429
2017-01-06,109.428
2017-01-07,109.726
2017-01-08,109.385
2017-01-09,109.754
2017-01-10,109.526
2017-01-11,110.554
2017-01-12,111.365
2017-01-13,111.168
2017-01-14,110.992
2017-01-15,110.742
2017-01-16,110.544
2017-01-17,109.379
2017-01-18,109.942
2017-01-19,110.226
2017-01-20,109.988
2017-01-21,109.973
2017-01-22,110.026
2017-01-23,110.336
2017-01-24,110.706
2017-01-25,110.431
2017-01-26,109.899
2017-01-27,109.649
2017-01-28,110.414
2017-01-29,110.356
2017-01-30,111.016
2017-01-31,110.726
2017-02-01,110.436
2017-02-02,110.135
2017-02-03,109.455
2017-02-04,109.481
2017-02-05,109.519
2017-02-06,109.742
2017-02-07,110.066
2017-02-08,110.694
2017-02-09,110.139
2017-02-10,109.940
2017-02-11,110.408
2017-02-12,110.445
2017-02-13,110.070
2017-02-14,110.285
2017-02-15,110.453
2017-02-16,110.851
2017-02-17,110.724
2017-02-18,110.801
2017-02-19,111.050
2017-02-20,111.125
2017-02-21,111.622
2017-02-22,111.558
2017-02-23,111.570
2017-02-24,110.940
2017-02-25,110.949
2017-02-26,111.166
2017-02-27,111.484
2017-02-28,111.528
2017-03-01,111.004
2017-03-02,109.991
2017-03-03,110.187
2017-03-04,110.417
2017-03-05,110.451
2017-03-06,110.451
2017-03-07,110.443
2017-03-08,110.554
2017-03-09,110.251
2017-03-10,110.590
2017-03-11,110.509
2017-03-12,110.693
2017-03-13,110.608
2017-03-14,110.809
2017-03-15,111.360
2017-03-16,111.239
2017-03-17,111.489
2017-03-18,111.898
2017-03-19,111.986
2017-03-20,112.301
2017-03-21,111.165
2017-03-22,110.763
2017-03-23,110.991
2017-03-24,110.353
2017-03-25,110.490
2017-03-26,111.388
2017-03-27,111.241
2017-03-28,111.369
2017-03-29,111.317
2017-03-30,111.081
2017-03-31,110.723
2017-04-01,110.108
2017-04-02,110.256
2017-04-03,109.818
2017-04-04,109.158
2017-04-05,108.821
2017-04-06,109.273
2017-04-07,109.762
2017-04-08,110.103
2017-04-09,109.704
2017-04-10,110.220
2017-04-11,110.449
2017-04-12,110.906
2017-04-13,111.196
2017-04-14,111.259
2017-04-15,111.879
2017-04-16,112.101
2017-04-17,112.117
2017-04-18,112.416
2017-04-19,111.642
2017-04-20,110.869
2017-04-21,110.979
2017-04-22,109.735
2017-04-23,108.908
2017-04-24,109.082
2017-04-25,109.192
2017-04-26,109.558
2017-04-27,109.537
2017-04-28,109.406
2017-04-29,109.766
2017-04-30,109.848
2017-05-01,109.743
2017-05-02,109.667
2017-05-03,109.671
2017-05-04,109.854
2017-05-05,109.681
2017-05-06,110.326
2017-05-07,110.440
2017-05-08,110.842
2017-05-09,111.117
2017-05-10,111.049
2017-05-11,111.185
2017-05-12,111.464
2017-05-13,111.736
2017-05-14,111.947
2017-05-15,111.501
2017-05-16,110.675
2017-05-17,110.336
2017-05-18,110.476
2017-05-19,110.785
2017-05-20,110.640
2017-05-21,110.647
2017-05-22,110.669
2017-05-23,110.835
2017-05-24,110.767
2017-05-25,110.683
2017-05-26,110.842
2017-05-27,110.697
2017-05-28,108.822
2017-05-29,109.688
2017-05-30,109.843
2017-05-31,110.025
2017-06-01,110.441
2017-06-02,110.430
2017-06-03,110.301
2017-06-04,110.596
2017-06-05,110.477
2017-06-06,110.201
2017-06-07,110.498
2017-06-08,110.911
2017-06-09,110.930
2017-06-10,110.990
2017-06-11,111.465
2017-06-12,111.646
2017-06-13,111.638
2017-06-14,111.748
2017-06-15,112.065
2017-06-16,111.780
2017-06-17,110.965
2017-06-18,111.024
2017-06-19,111.196
2017-06-20,111.656
2017-06-21,111.751
2017-06-22,111.610
2017-06-23,111.276
2017-06-24,110.551
2017-06-25,110.284
2017-06-26,109.600
2017-06-27,109.571
2017-06-28,109.485
2017-06-29,109.665
2017-06-30,109.954
2017-07-01,110.080
2017-07-02,110.320
2017-07-03,110.228
2017-07-04,110.277
2017-07-05,110.640
2017-07-06,110.853
2017-07-07,110.854
2017-07-08,111.036
2017-07-09,110.702
2017-07-10,110.962
2017-07-11,110.154
2017-07-12,110.648
2017-07-13,111.058
2017-07-14,111.266
2017-07-15,111.492
2017-07-16,108.897
2017-07-17,107.503
2017-07-18,108.532
2017-07-19,110.092
2017-07-20,110.724
2017-07-21,110.222
2017-07-22,109.511
2017-07-23,108.699
2017-07-24,108.469
2017-07-25,108.594
2017-07-26,108.542
2017-07-27,108.691
2017-07-28,108.732
2017-07-29,108.338
2017-07-30,108.535
2017-07-31,108.107
2017-08-01,107.699
2017-08-02,107.467
2017-08-03,108.111
2017-08-04,107.693
2017-08-05,107.966
2017-08-06,108.267
2017-08-07,108.920
2017-08-08,109.007
2017-08-09,109.236
2017-08-10,109.765
2017-08-11,110.098
2017-08-12,109.767
2017-08-13,110.024
2017-08-14,110.015
2017-08-15,109.408
2017-08-16,109.242
2017-08-17,108.774
2017-08-18,107.932
2017-08-19,107.421
2017-08-20,107.176
2017-08-21,107.338
2017-08-22,107.531
2017-08-23,107.665
2017-08-24,107.768
2017-08-25,108.226
2017-08-26,108.598
2017-08-27,108.749
2017-08-28,108.914
2017-08-29,109.373
2017-08-30,109.635
2017-08-31,109.117
2017-09-01,109.210
2017-09-02,109.101
2017-09-03,109.285
2017-09-04,109.433
2017-09-05,109.499
2017-09-06,109.996
2017-09-07,108.784
2017-09-08,103.847
2017-09-09,105.231
2017-09-10,107.758
2017-09-11,108.585
2017-09-12,108.549
2017-09-13,108.051
2017-09-14,107.433
2017-09-15,107.409
2017-09-16,107.484
2017-09-17,107.933
2017-09-18,108.035
2017-09-19,108.015
2017-09-20,107.881
2017-09-21,107.823
2017-09-22,108.083
2017-09-23,108.045
2017-09-24,107.667
2017-09-25,107.559
2017-09-26,107.906
2017-09-27,107.238
2017-09-28,106.697
2017-09-29,107.055
2017-09-30,107.660
2017-10-01,107.846
2017-10-02,108.029
2017-10-03,108.865
2017-10-04,109.225
2017-10-05,109.292
2017-10-06,109.119
2017-10-07,108.763
2017-10-08,108.240
2017-10-09,108.378
2017-10-10,108.557
2017-10-11,108.669
2017-10-12,108.612
2017-10-13,107.822
2017-10-14,107.997
2017-10-15,108.328
2017-10-16,108.706
2017-10-17,109.269
2017-10-18,110.017
2017-10-19,110.087
2017-10-20,110.217
2017-10-21,109.874
2017-10-22,109.627
2017-10-23,109.381
2017-10-24,109.205
2017-10-25,108.799
2017-10-26,109.593
2017-10-27,109.451
2017-10-28,109.590
2017-10-29,109.608
2017-10-30,110.001
2017-10-31,110.561
2017-11-01,110.987
2017-11-02,109.945
2017-11-03,109.295
2017-11-04,109.447
2017-11-05,109.355
2017-11-06,109.667
2017-11-07,109.688
2017-11-08,108.964
2017-11-09,108.907
2017-11-10,108.934
2017-11-11,109.467
2017-11-12,109.943
2017-11-13,110.094
2017-11-14,109.192
2017-11-15,109.910
2017-11-16,109.519
2017-11-17,109.983
2017-11-18,110.689
2017-11-19,111.065
2017-11-20,111.444
2017-11-21,110.571
2017-11-22,111.300
2017-11-23,111.667
2017-11-24,111.833
2017-11-25,111.441
2017-11-26,111.976
2017-11-27,111.456
2017-11-28,111.121
2017-11-29,110.685
2017-11-30,109.631
2017-12-01,109.337
2017-12-02,109.747
2017-12-03,110.262
2017-12-04,110.721
2017-12-05,110.400
2017-12-06,110.154
2017-12-07,109.917
2017-12-08,110.063
2017-12-09,110.474
2017-12-10,111.052
2017-12-11,111.270
2017-12-12,110.761
2017-12-13,110.009
2017-12-14,110.358
2017-12-15,110.726
2017-12-16,111.008
2017-12-17,110.738
2017-12-18,110.356
2017-12-19,110.464
2017-12-20,110.442
2017-12-21,110.990
2017-12-22,111.771
2017-12-23,112.133
2017-12-24,111.342
2017-12-25,110.902
2017-12-26,110.723
2017-12-27,110.302
2017-12-28,109.399
2017-12-29,109.354
2017-12-30,110.187
2017-12-31,110.410
2018-01-01,109.834
2018-01-02,109.896
2018-01-03,110.137
2018-01-04,110.044
2018-01-05,110.146
2018-01-06,110.277
2018-01-07,110.722
2018-01-08,110.274
2018-01-09,109.317
2018-01-10,109.407
2018-01-11,109.770
2018-01-12,109.913
2018-01-13,110.149
2018-01-14,110.202
2018-01-15,110.566
2018-01-16,110.988
2018-01-17,111.582
2018-01-18,111.884
2018-01-19,111.952
2018-01-20,111.614
2018-01-21,111.201
2018-01-22,111.079
2018-01-23,110.953
2018-01-24,110.847
2018-01-25,111.118
2018-01-26,111.101
2018-01-27,110.689
2018-01-28,110.504
2018-01-29,110.162
2018-01-30,110.313
2018-01-31,110.546
2018-02-01,110.533
2018-02-02,110.490
2018-02-03,110.682
2018-02-04,110.423
2018-02-05,110.215
2018-02-06,110.201
2018-02-07,110.522
2018-02-08,110.568
2018-02-09,110.437
2018-02-10,110.689
2018-02-11,111.126
2018-02-12,111.344
2018-02-13,111.459
2018-02-14,111.501
2018-02-15,111.941
2018-02-16,111.845
2018-02-17,111.189
2018-02-18,111.370
2018-02-19,111.637
2018-02-20,111.565
2018-02-21,111.723
2018-02-22,111.699
2018-02-23,111.117
2018-02-24,110.517
2018-02-25,109.829
2018-02-26,110.108
2018-02-27,110.179
2018-02-28,110.103
2018-03-01,110.332
2018-03-02,110.542
2018-03-03,110.746
2018-03-04,110.740
2018-03-05,110.535
2018-03-06,110.609
2018-03-07,110.640
2018-03-08,110.720
2018-03-09,110.762
2018-03-10,110.735
2018-03-11,110.963
2018-03-12,111.258
2018-03-13,111.555
2018-03-14,111.988
2018-03-15,112.087
2018-03-16,112.142
2018-03-17,111.231
2018-03-18,111.340
2018-03-19,111.642
2018-03-20,111.753
2018-03-21,112.051
2018-03-22,112.185
2018-03-23,110.495
2018-03-24,109.903
2018-03-25,110.028
2018-03-26,110.490
2018-03-27,110.699
2018-03-28,110.964
2018-03-29,111.190
2018-03-30,110.989
2018-03-31,110.649
2018-04-01,110.552
2018-04-02,110.738
2018-04-03,110.998
2018-04-04,110.505
2018-04-05,110.446
2018-04-06,110.832
2018-04-07,111.238
2018-04-08,111.588
2018-04-09,111.722
2018-04-10,111.555
2018-04-11,111.585
2018-04-12,111.298
2018-04-13,111.531
2018-04-14,111.701
2018-04-15,112.061
2018-04-16,112.451
2018-04-17,112.376
2018-04-18,111.752
2018-04-19,111.807
2018-04-20,111.496
2018-04-21,111.053
2018-04-22,110.800
2018-04-23,110.688
2018-04-24,110.838
2018-04-25,111.095
2018-04-26,111.326
2018-04-27,111.006
2018-04-28,111.096
2018-04-29,111.228
2018-04-30,111.286
2018-05-01,111.310
2018-05-02,111.221
2018-05-03,111.332
2018-05-04,111.517
2018-05-05,111.684
2018-05-06,111.598
2018-05-07,111.635
2018-05-08,111.417
2018-05-09,111.248
2018-05-10,111.209
2018-05-11,111.170
2018-05-12,110.888
2018-05-13,110.998
2018-05-14,110.984
2018-05-15,111.320
2018-05-16,111.676
2018-05-17,111.153
2018-05-18,110.823
2018-05-19,111.431
2018-05-20,111.308
2018-05-21,110.890
2018-05-22,110.474
2018-05-23,110.317
2018-05-24,110.335
2018-05-25,110.233
2018-05-26,110.612
2018-05-27,110.722
2018-05-28,110.724
2018-05-29,110.990
2018-05-30,111.438
2018-05-31,111.952
2018-06-01,111.719
2018-06-02,111.821
2018-06-03,111.618
2018-06-04,111.872
2018-06-05,111.844
2018-06-06,112.396
2018-06-07,112.123
2018-06-08,112.544
2018-06-09,112.492
2018-06-10,112.709
2018-06-11,112.897
2018-06-12,113.103
2018-06-13,113.037
2018-06-14,112.553
2018-06-15,112.097
2018-06-16,112.517
2018-06-17,112.067
2018-06-18,111.458
2018-06-19,111.145
2018-06-20,111.434
2018-06-21,111.548
2018-06-22,111.881
2018-06-23,110.835
2018-06-24,110.267
2018-06-25,110.760
2018-06-26,110.826
2018-06-27,110.802
2018-06-28,110.834
2018-06-29,111.268
2018-06-30,111.230
2018-07-01,111.042
2018-07-02,111.508
2018-07-03,111.424
2018-07-04,111.472
2018-07-05,111.638
2018-07-06,111.597
2018-07-07,111.374
2018-07-08,111.762
2018-07-09,112.020
2018-07-10,112.170
2018-07-11,111.962
2018-07-12,111.481
2018-07-13,111.440
2018-07-14,111.656
2018-07-15,111.787
2018-07-16,111.676
2018-07-17,111.212
2018-07-18,111.606
2018-07-19,111.759
2018-07-20,112.019
2018-07-21,111.299
2018-07-22,111.449
2018-07-23,111.721
2018-07-24,111.943
2018-07-25,112.121
2018-07-26,112.270
2018-07-27,112.196
2018-07-28,112.013
2018-07-29,111.819
2018-07-30,111.748
2018-07-31,111.353
2018-08-01,111.617
2018-08-02,112.029
2018-08-03,111.751
2018-08-04,112.240
2018-08-05,112.400
2018-08-06,112.217
2018-08-07,111.906
2018-08-08,111.740
2018-08-09,111.519
2018-08-10,111.654
2018-08-11,111.776
2018-08-12,111.941
2018-08-13,112.196
2018-08-14,112.344
2018-08-15,112.587
2018-08-16,111.751
2018-08-17,111.199
2018-08-18,111.324
2018-08-19,111.607
2018-08-20,111.854
2018-08-21,111.801
2018-08-22,111.571
2018-08-23,111.706
2018-08-24,111.654
2018-08-25,110.930
2018-08-26,111.670
2018-08-27,110.781
2018-08-28,110.963
2018-08-29,111.204
2018-08-30,111.215
2018-08-31,111.460
2018-09-01,111.528
2018-09-02,111.749
2018-09-03,111.753
2018-09-04,111.826
2018-09-05,111.631
2018-09-06,111.538
2018-09-07,111.793
2018-09-08,111.762
2018-09-09,111.843
2018-09-10,111.700
2018-09-11,110.985
2018-09-12,111.647
2018-09-13,111.908
2018-09-14,111.482
2018-09-15,111.808
2018-09-16,112.260
2018-09-17,112.699
2018-09-18,112.039
2018-09-19,111.942
2018-09-20,112.076
2018-09-21,112.301
2018-09-22,111.559
2018-09-23,111.273
2018-09-24,111.442
2018-09-25,111.716
2018-09-26,112.288
2018-09-27,112.466
2018-09-28,112.513
2018-09-29,112.122
2018-09-30,112.262
2018-10-01,112.395
2018-10-02,112.631
2018-10-03,112.824
2018-10-04,112.421
2018-10-05,112.606
2018-10-06,112.954
2018-10-07,112.317
2018-10-08,111.518
2018-10-09,111.792
2018-10-10,111.971
2018-10-11,111.581
2018-10-12,111.413
2018-10-13,111.360
2018-10-14,110.993
2018-10-15,111.090
2018-10-16,111.370
2018-10-17,111.205
2018-10-18,111.456
2018-10-19,111.695
2018-10-20,111.906
2018-10-21,111.450
2018-10-22,111.893
2018-10-23,112.356
2018-10-24,112.400
2018-10-25,112.627
2018-10-26,112.802
2018-10-27,112.591
2018-10-28,112.594
2018-10-29,112.632
2018-10-30,112.319
2018-10-31,112.120
2018-11-01,112.447
2018-11-02,112.553
2018-11-03,112.718
2018-11-04,112.503
2018-11-05,111.575
2018-11-06,111.688
2018-11-07,111.633
2018-11-08,111.037
2018-11-09,111.628
2018-11-10,111.240
2018-11-11,111.138
2018-11-12,111.021
2018-11-13,111.097
2018-11-14,111.227
2018-11-15,111.031
2018-11-16,110.634
2018-11-17,111.297
2018-11-18,111.434
2018-11-19,111.119
2018-11-20,111.565
2018-11-21,111.712
2018-11-22,111.632
2018-11-23,111.961
2018-11-24,112.446
2018-11-25,112.730
2018-11-26,113.266
2018-11-27,112.955
2018-11-28,112.579
2018-11-29,112.497
2018-11-30,112.518
2018-12-01,112.951
2018-12-02,112.871
2018-12-03,112.642
2018-12-04,111.711
2018-12-05,111.644
2018-12-06,111.444
2018-12-07,111.297
2018-12-08,110.809
2018-12-09,110.450
2018-12-10,110.381
2018-12-11,110.554
2018-12-12,110.687
2018-12-13,110.703
2018-12-14,110.807
2018-12-15,110.799
2018-12-16,111.349
2018-12-17,111.550
2018-12-18,111.633
2018-12-19,111.547
2018-12-20,111.856
2018-12-21,112.197
2018-12-22,112.445
2018-12-23,112.542
2018-12-24,112.547
2018-12-25,112.547
2018-12-26,112.028
2018-12-27,112.060
2018-12-28,111.704
2018-12-29,111.716
2018-12-30,111.799
2018-12-31,111.374
2019-01-01,111.497
2019-01-02,111.917
2019-01-03,111.805
2019-01-04,111.779
2019-01-05,111.459
2019-01-06,110.813
2019-01-07,111.055
2019-01-08,111.062
2019-01-09,110.724
2019-01-10,110.727
2019-01-11,111.043
2019-01-12,111.150
2019-01-13,111.661
2019-01-14,111.728
2019-01-15,111.388
2019-01-16,111.321
2019-01-17,111.633
2019-01-18,111.978
2019-01-19,112.158
2019-01-20,112.335
2019-01-21,112.478
2019-01-22,112.642
2019-01-23,112.733
2019-01-24,112.371
2019-01-25,111.873
2019-01-26,111.709
2019-01-27,111.975
2019-01-28,111.703
2019-01-29,111.526
2019-01-30,111.742
2019-01-31,111.452
2019-02-01,110.958
2019-02-02,110.783
2019-02-03,111.098
2019-02-04,111.119
2019-02-05,111.231
2019-02-06,111.272
2019-02-07,111.290
2019-02-08,110.962
2019-02-09,110.690
2019-02-10,110.586
2019-02-11,111.185
2019-02-12,111.237
2019-02-13,111.276
2019-02-14,110.721
2019-02-15,111.128
2019-02-16,111.600
2019-02-17,111.678
2019-02-18,111.660
2019-02-19,112.242
2019-02-20,112.809
2019-02-21,112.428
2019-02-22,111.710
2019-02-23,111.776
2019-02-24,112.043
2019-02-25,112.031
2019-02-26,111.833
2019-02-27,112.019
2019-02-28,112.296
2019-03-01,112.093
2019-03-02,112.045
2019-03-03,112.299
2019-03-04,112.376
2019-03-05,112.567
2019-03-06,112.236
2019-03-07,112.122
2019-03-08,112.273
2019-03-09,112.807
2019-03-10,112.719
2019-03-11,112.455
2019-03-12,112.262
2019-03-13,111.915
2019-03-14,111.717
2019-03-15,112.087
2019-03-16,111.771
2019-03-17,111.235
2019-03-18,111.676
2019-03-19,111.953
2019-03-20,111.978
2019-03-21,112.061
2019-03-22,112.272
2019-03-23,112.488
2019-03-24,113.199
2019-03-25,113.360
2019-03-26,113.063
2019-03-27,112.411
2019-03-28,111.813
2019-03-29,111.521
2019-03-30,111.895
2019-03-31,112.259
2019-04-01,111.931
2019-04-02,111.808
2019-04-03,111.988
2019-04-04,111.887
2019-04-05,111.992
2019-04-06,112.252
2019-04-07,112.643
2019-04-08,112.926
2019-04-09,112.796
2019-04-10,112.656
2019-04-11,112.114
2019-04-12,112.028
2019-04-13,112.214
2019-04-14,112.082
2019-04-15,112.002
2019-04-16,111.946
2019-04-17,112.313
2019-04-18,112.194
2019-04-19,112.191
2019-04-20,112.112
2019-04-21,112.074
2019-04-22,111.831
2019-04-23,111.855
2019-04-24,112.029
2019-04-25,112.284
2019-04-26,112.165
2019-04-27,112.305
2019-04-28,112.354
2019-04-29,112.509
2019-04-30,112.435
2019-05-01,112.642
2019-05-02,112.760
2019-05-03,112.041
2019-05-04,112.017
2019-05-05,112.222
2019-05-06,111.956
2019-05-07,111.556
2019-05-08,111.022
2019-05-09,110.972
2019-05-10,110.499
2019-05-11,109.606
2019-05-12,109.662
2019-05-13,110.270
2019-05-14,110.232
2019-05-15,110.191
2019-05-16,109.627
2019-05-17,109.368
2019-05-18,110.007
2019-05-19,110.239
2019-05-20,110.632
2019-05-21,110.907
2019-05-22,111.490
2019-05-23,111.755
2019-05-24,111.659
2019-05-25,111.883
2019-05-26,112.678
2019-05-27,112.346
2019-05-28,112.013
2019-05-29,111.987
2019-05-30,112.156
2019-05-31,111.924
2019-06-01,112.190
2019-06-02,112.041
2019-06-03,111.665
2019-06-04,111.601
2019-06-05,111.783
2019-06-06,111.301
2019-06-07,111.427
2019-06-08,111.876
2019-06-09,111.897
2019-06-10,112.352
2019-06-11,112.542
2019-06-12,112.253
2019-06-13,111.517
2019-06-14,111.011
2019-06-15,111.501
2019-06-16,111.515
2019-06-17,111.907
2019-06-18,111.941
2019-06-19,112.303
2019-06-20,112.251
2019-06-21,112.039
2019-06-22,112.363
2019-06-23,112.395
2019-06-24,112.267
2019-06-25,112.226
2019-06-26,112.194
2019-06-27,112.474
2019-06-28,112.235
2019-06-29,112.113
2019-06-30,112.376
2019-07-01,111.824
2019-07-02,111.921
2019-07-03,112.311
2019-07-04,112.295
2019-07-05,112.432
2019-07-06,112.508
2019-07-07,112.605
2019-07-08,112.447
2019-07-09,111.563
2019-07-10,111.127
2019-07-11,111.456
2019-07-12,111.755
2019-07-13,111.432
2019-07-14,111.731
2019-07-15,111.432
2019-07-16,111.681
2019-07-17,111.635
2019-07-18,111.720
2019-07-19,111.960
2019-07-20,112.394
2019-07-21,111.965
2019-07-22,112.418
2019-07-23,112.447
2019-07-24,112.315
2019-07-25,111.935
2019-07-26,111.878
2019-07-27,111.958
2019-07-28,111.989
2019-07-29,112.060
2019-07-30,112.290
2019-07-31,112.072
2019-08-01,111.578
2019-08-02,112.022
2019-08-03,112.488
2019-08-04,112.276
2019-08-05,111.777
2019-08-06,111.790
2019-08-07,111.792
2019-08-08,112.185
2019-08-09,111.581
2019-08-10,111.404
2019-08-11,111.721
2019-08-12,111.710
2019-08-13,111.342
2019-08-14,111.719
2019-08-15,111.786
2019-08-16,111.877
2019-08-17,111.641
2019-08-18,111.669
2019-08-19,112.026
2019-08-20,111.984
2019-08-21,111.855
2019-08-22,112.133
2019-08-23,112.204
2019-08-24,112.255
2019-08-25,112.164
2019-08-26,112.208
2019-08-27,111.996
2019-08-28,111.756
2019-08-29,112.324
2019-08-30,111.969
2019-08-31,111.297
2019-09-01,110.997
2019-09-02,110.951
2019-09-03,111.500
2019-09-04,111.688
2019-09-05,111.851
2019-09-06,111.863
2019-09-07,111.971
2019-09-08,112.153
2019-09-09,112.283
2019-09-10,112.024
2019-09-11,112.410
2019-09-12,112.422
2019-09-13,112.561
2019-09-14,112.115
2019-09-15,112.179
2019-09-16,112.513
2019-09-17,112.553
2019-09-18,112.664
2019-09-19,112.774
2019-09-20,112.942
2019-09-21,113.004
2019-09-22,113.112
2019-09-23,112.468
2019-09-24,112.749
2019-09-25,112.619
2019-09-26,112.772
2019-09-27,112.451
2019-09-28,112.158
2019-09-29,112.744
2019-09-30,112.976
2019-10-01,112.839
2019-10-02,112.517
2019-10-03,112.373
2019-10-04,112.649
2019-10-05,112.315
2019-10-06,112.413
2019-10-07,112.237
2019-10-08,112.616
2019-10-09,112.849
2019-10-10,112.599
2019-10-11,112.992
2019-10-12,113.272
2019-10-13,113.099
2019-10-14,112.653
2019-10-15,112.547
2019-10-16,111.901
2019-10-17,112.281
2019-10-18,112.257
2019-10-19,112.419
2019-10-20,112.486
2019-10-21,112.572
2019-10-22,112.760
2019-10-23,113.038
2019-10-24,112.649
2019-10-25,112.435
2019-10-26,112.387
2019-10-27,112.309
2019-10-28,112.214
2019-10-29,112.553
2019-10-30,112.335
2019-10-31,112.133
2019-11-01,112.206
2019-11-02,111.958
2019-11-03,112.136
2019-11-04,112.132
2019-11-05,112.169
2019-11-06,112.601
2019-11-07,112.681
2019-11-08,112.772
2019-11-09,112.481
2019-11-10,112.571
2019-11-11,112.562
2019-11-12,111.855
2019-11-13,111.622
2019-11-14,111.835
2019-11-15,112.374
2019-11-16,112.308
2019-11-17,112.308
2019-11-18,112.058
2019-11-19,112.397
2019-11-20,112.694
2019-11-21,112.649
2019-11-22,112.270
2019-11-23,112.693
2019-11-24,112.396
2019-11-25,112.374
2019-11-26,112.511
2019-11-27,112.587
2019-11-28,112.333
2019-11-29,112.125
2019-11-30,112.116
2019-12-01,111.341
2019-12-02,111.533
2019-12-03,111.371
2019-12-04,111.734
2019-12-05,113.042
2019-12-06,113.606
2019-12-07,113.569
2019-12-08,113.691
2019-12-09,113.187
2019-12-10,112.269
2019-12-11,111.579
2019-12-12,112.078
2019-12-13,112.419
2019-12-14,112.508
2019-12-15,112.663
2019-12-16,112.688
2019-12-17,113.017
2019-12-18,112.757
2019-12-19,112.113
2019-12-20,112.155
2019-12-21,111.974
2019-12-22,112.160
2019-12-23,112.082
2019-12-24,112.347
2019-12-25,112.333
2019-12-26,112.415
2019-12-27,112.123
2019-12-28,111.990
2019-12-29,111.951
2019-12-30,112.517
2019-12-31,112.733
2020-01-01,112.523
2020-01-02,112.456
2020-01-03,113.113
2020-01-04,113.437
2020-01-05,112.429
2020-01-06,111.815
2020-01-07,111.799
2020-01-08,112.230
2020-01-09,112.472
2020-01-10,112.403
2020-01-11,112.257
2020-01-12,113.078
2020-01-13,112.877
2020-01-14,112.747
2020-01-15,112.605
2020-01-16,112.664
2020-01-17,112.550
2020-01-18,112.510
2020-01-19,112.870
2020-01-20,112.794
2020-01-21,113.478
2020-01-22,113.569
2020-01-23,113.031
2020-01-24,113.331
2020-01-25,112.831
2020-01-26,112.658
2020-01-27,112.712
2020-01-28,112.845
2020-01-29,112.826
2020-01-30,112.553
2020-01-31,112.416
2020-02-01,112.383
2020-02-02,112.732
2020-02-03,112.645
2020-02-04,112.583
2020-02-05,112.751
2020-02-06,112.257
2020-02-07,111.887
2020-02-08,112.090
2020-02-09,112.901
2020-02-10,114.384
2020-02-11,114.142
2020-02-12,113.907
2020-02-13,113.828
2020-02-14,113.462
2020-02-15,113.196
2020-02-16,113.530
2020-02-17,114.221
2020-02-18,113.805
2020-02-19,113.099
2020-02-20,112.419
2020-02-21,112.560
2020-02-22,113.031
2020-02-23,113.410
2020-02-24,113.674
2020-02-25,113.638
2020-02-26,113.524
2020-02-27,113.839
2020-02-28,113.983
2020-02-29,113.478
2020-03-01,112.978
2020-03-02,112.938
2020-03-03,112.957
2020-03-04,112.419
2020-03-05,112.344
2020-03-06,112.576
2020-03-07,112.614
2020-03-08,112.565
2020-03-09,112.263
2020-03-10,112.817
2020-03-11,112.949
2020-03-12,113.362
2020-03-13,113.383
2020-03-14,113.298
2020-03-15,113.359
2020-03-16,113.010
2020-03-17,113.053
2020-03-18,113.485
2020-03-19,113.298
2020-03-20,113.257
2020-03-21,113.193
2020-03-22,112.988
2020-03-23,112.746
2020-03-24,112.774
2020-03-25,112.928
2020-03-26,113.531
2020-03-27,113.453
2020-03-28,113.678
2020-03-29,113.720
2020-03-30,113.622
2020-03-31,113.369
2020-04-01,113.560
2020-04-02,113.899
2020-04-03,113.990
2020-04-04,113.580
2020-04-05,113.312
2020-04-06,112.944
2020-04-07,113.172
2020-04-08,112.891
2020-04-09,113.276
2020-04-10,113.738
2020-04-11,113.925
2020-04-12,113.618
2020-04-13,114.081
2020-04-14,114.193
2020-04-15,113.968
2020-04-16,114.108
2020-04-17,113.701
2020-04-18,113.440
2020-04-19,113.269
2020-04-20,112.820
2020-04-21,112.797
2020-04-22,112.962
2020-04-23,113.271
2020-04-24,113.613
2020-04-25,113.803
2020-04-26,113.899
2020-04-27,113.898
2020-04-28,113.794
2020-04-29,113.717
2020-04-30,113.327
2020-05-01,113.217
2020-05-02,112.903
2020-05-03,112.644
2020-05-04,112.824
2020-05-05,112.842
2020-05-06,113.419
2020-05-07,113.435
2020-05-08,113.129
2020-05-09,113.158
2020-05-10,112.851
2020-05-11,113.477
2020-05-12,113.661
2020-05-13,113.422
2020-05-14,113.497
2020-05-15,113.659
2020-05-16,113.557
2020-05-17,113.499
2020-05-18,113.526
2020-05-19,113.766
2020-05-20,113.349
2020-05-21,113.228
2020-05-22,112.968
2020-05-23,113.153
2020-05-24,113.260
2020-05-25,112.995
2020-05-26,112.788
2020-05-27,112.871
2020-05-28,113.110
2020-05-29,112.967
2020-05-30,113.025
2020-05-31,112.285
2020-06-01,112.108
2020-06-02,111.978
2020-06-03,112.215
2020-06-04,112.636
2020-06-05,112.679
2020-06-06,112.896
2020-06-07,113.128
2020-06-08,113.094
2020-06-09,113.331
2020-06-10,113.433
2020-06-11,113.341
2020-06-12,113.506
2020-06-13,112.684
2020-06-14,112.263
2020-06-15,112.261
2020-06-16,112.535
2020-06-17,112.727
2020-06-18,112.735
2020-06-19,112.428
2020-06-20,112.421
2020-06-21,112.686
2020-06-22,112.745
2020-06-23,112.741
2020-06-24,112.496
2020-06-25,112.554
2020-06-26,112.787
2020-06-27,113.356
2020-06-28,112.972
2020-06-29,113.227
2020-06-30,113.601
2020-07-01,113.413
2020-07-02,113.042
2020-07-03,112.921
2020-07-04,112.873
2020-07-05,112.640
2020-07-06,112.626
2020-07-07,112.754
2020-07-08,112.966
2020-07-09,113.048
2020-07-10,113.347
2020-07-11,113.210
2020-07-12,113.163
2020-07-13,112.969
2020-07-14,112.075
2020-07-15,112.132
2020-07-16,112.020
2020-07-17,112.088
2020-07-18,111.981
2020-07-19,111.943
2020-07-20,112.329
2020-07-21,112.480
2020-07-22,112.644
2020-07-23,113.248
2020-07-24,112.930
2020-07-25,112.669
2020-07-26,112.468
2020-07-27,112.639
2020-07-28,112.188
2020-07-29,112.234
2020-07-30,112.496
2020-07-31,112.925
2020-08-01,112.822
2020-08-02,112.762
2020-08-03,112.401
2020-08-04,112.434
2020-08-05,112.793
2020-08-06,112.785
2020-08-07,112.786
2020-08-08,112.952
2020-08-09,113.200
2020-08-10,113.812
2020-08-11,113.241
2020-08-12,112.720
2020-08-13,112.137
2020-08-14,111.804
2020-08-15,112.177
2020-08-16,112.599
2020-08-17,112.725
2020-08-18,112.502
2020-08-19,112.357
2020-08-20,112.504
2020-08-21,112.599
2020-08-22,112.727
2020-08-23,112.628
2020-08-24,112.887
2020-08-25,112.519
2020-08-26,112.486
2020-08-27,112.271
2020-08-28,112.400
2020-08-29,112.300
2020-08-30,112.233
2020-08-31,112.139
2020-09-01,111.907
2020-09-02,112.021
2020-09-03,111.826
2020-09-04,112.567
2020-09-05,112.961
2020-09-06,113.473
2020-09-07,113.359
2020-09-08,113.306
2020-09-09,113.517
2020-09-10,113.295
2020-09-11,113.043
2020-09-12,112.970
2020-09-13,113.269
2020-09-14,112.838
2020-09-15,112.527
2020-09-16,112.688
2020-09-17,112.974
2020-09-18,112.751
2020-09-19,113.094
2020-09-20,113.261
2020-09-21,112.882
2020-09-22,112.925
2020-09-23,112.618
2020-09-24,112.338
2020-09-25,111.628
2020-09-26,111.645
2020-09-27,111.177
2020-09-28,111.098
2020-09-29,111.079
2020-09-30,111.538
2020-10-01,111.978
2020-10-02,112.667
2020-10-03,112.544
2020-10-04,113.256
2020-10-05,113.361
2020-10-06,113.099
2020-10-07,112.736
2020-10-08,112.568
2020-10-09,112.466
2020-10-10,112.573
2020-10-11,112.435
2020-10-12,112.697
2020-10-13,112.532
2020-10-14,112.255
2020-10-15,112.621
2020-10-16,112.649
2020-10-17,113.183
2020-10-18,112.820
2020-10-19,112.518
2020-10-20,112.195
2020-10-21,112.050
2020-10-22,111.781
2020-10-23,112.553
2020-10-24,111.903
2020-10-25,111.546
2020-10-26,111.622
2020-10-27,112.053
2020-10-28,112.108
2020-10-29,112.255
2020-10-30,112.275
2020-10-31,112.230
2020-11-01,112.392
2020-11-02,112.781
2020-11-03,113.111
2020-11-04,113.135
2020-11-05,113.352
2020-11-06,112.610
2020-11-07,112.167
2020-11-08,112.631
2020-11-09,112.875
2020-11-10,112.481
2020-11-11,112.836
2020-11-12,112.527
2020-11-13,112.603
2020-11-14,112.806
2020-11-15,112.496
2020-11-16,112.335
2020-11-17,111.803
2020-11-18,112.106
2020-11-19,112.430
2020-11-20,112.017
2020-11-21,111.841
2020-11-22,111.864
2020-11-23,112.416
2020-11-24,112.472
2020-11-25,112.152
2020-11-26,112.284
2020-11-27,111.810
2020-11-28,111.877
2020-11-29,112.443
2020-11-30,112.643
2020-12-01,113.057
2020-12-02,112.662
2020-12-03,111.962
2020-12-04,111.341
2020-12-05,110.470
2020-12-06,111.002
2020-12-07,111.221
2020-12-08,111.684
2020-12-09,112.124
2020-12-10,111.255
2020-12-11,111.085
2020-12-12,111.036
2020-12-13,111.258
2020-12-14,111.642
2020-12-15,111.506
2020-12-16,111.548
2020-12-17,111.551
2020-12-18,111.088
2020-12-19,110.961
2020-12-20,110.898
2020-12-21,111.615
2020-12-22,111.640
2020-12-23,111.913
2020-12-24,112.143
2020-12-25,112.287
2020-12-26,112.914
2020-12-27,112.934
2020-12-28,112.708
2020-12-29,112.685
2020-12-30,112.376
2020-12-31,112.783
2021-01-01,112.488
2021-01-02,112.333
2021-01-03,112.308
2021-01-04,112.093
2021-01-05,111.996
2021-01-06,111.426
2021-01-07,111.763
2021-01-08,111.859
2021-01-09,111.756
2021-01-10,111.727
2021-01-11,111.488
2021-01-12,110.904
2021-01-13,111.015
2021-01-14,110.919
2021-01-15,110.939
2021-01-16,110.829
2021-01-17,110.930
2021-01-18,111.250
2021-01-19,111.950
2021-01-20,111.859
2021-01-21,111.883
2021-01-22,112.027
2021-01-23,111.477
2021-01-24,111.542
2021-01-25,111.695
2021-01-26,111.495
2021-01-27,111.649
2021-01-28,111.369
2021-01-29,111.548
2021-01-30,111.843
2021-01-31,111.874
2021-02-01,111.130
2021-02-02,110.924
2021-02-03,110.820
2021-02-04,110.384
2021-02-05,110.474
2021-02-06,110.535
2021-02-07,110.196
2021-02-08,110.372
2021-02-09,110.119
2021-02-10,110.111
2021-02-11,110.002
2021-02-12,109.824
2021-02-13,110.056
2021-02-14,110.089
2021-02-15,110.120
2021-02-16,110.218
2021-02-17,110.210
2021-02-18,110.557
2021-02-19,111.024
2021-02-20,110.426
2021-02-21,110.025
2021-02-22,110.214
2021-02-23,109.755
2021-02-24,109.052
2021-02-25,109.891
2021-02-26,110.750
2021-02-27,111.115
2021-02-28,111.398
2021-03-01,111.345
2021-03-02,111.328
2021-03-03,111.675
2021-03-04,112.283
2021-03-05,112.483
2021-03-06,112.539
2021-03-07,112.168
2021-03-08,112.016
2021-03-09,111.982
2021-03-10,111.796
2021-03-11,111.976
2021-03-12,111.993
2021-03-13,111.418
2021-03-14,111.294
2021-03-15,111.412
2021-03-16,111.552
2021-03-17,111.666
2021-03-18,111.785
2021-03-19,112.051
2021-03-20,111.855
2021-03-21,111.752
2021-03-22,111.391
2021-03-23,111.168
2021-03-24,111.363
2021-03-25,111.492
2021-03-26,111.333
2021-03-27,111.333
2021-03-28,111.680
2021-03-29,112.273
2021-03-30,112.866
2021-03-31,112.876
2021-04-01,112.954
2021-04-02,112.906
2021-04-03,112.498
2021-04-04,112.697
2021-04-05,113.543
2021-04-06,113.201
2021-04-07,112.656
2021-04-08,112.399
2021-04-09,112.736
2021-04-10,112.541
2021-04-11,112.284
2021-04-12,111.988
2021-04-13,111.921
2021-04-14,112.153
2021-04-15,111.986
2021-04-16,111.627
2021-04-17,111.353
2021-04-18,111.106
2021-04-19,111.024
2021-04-20,111.040
2021-04-21,111.585
2021-04-22,111.970
2021-04-23,112.189
2021-04-24,112.345
2021-04-25,112.534
2021-04-26,111.652
2021-04-27,112.473
2021-04-28,112.922
2021-04-29,113.015
2021-04-30,112.961
2021-05-01,112.727
2021-05-02,112.647
2021-05-03,112.522
2021-05-04,112.282
2021-05-05,112.776
2021-05-06,112.814
2021-05-07,112.868
2021-05-08,112.655
2021-05-09,112.304
2021-05-10,111.844
2021-05-11,111.506
2021-05-12,111.599
2021-05-13,111.476
2021-05-14,111.636
2021-05-15,111.863
2021-05-16,111.969
2021-05-17,112.333
2021-05-18,111.237
2021-05-19,111.057
2021-05-20,111.473
2021-05-21,112.062
2021-05-22,112.473
2021-05-23,112.775
2021-05-24,112.425
2021-05-25,112.775
2021-05-26,112.764
2021-05-27,111.884
2021-05-28,112.064
2021-05-29,111.992
2021-05-30,112.069
2021-05-31,112.413
2021-06-01,112.555
2021-06-02,112.634
2021-06-03,112.144
2021-06-04,111.983
2021-06-05,111.914
2021-06-06,112.155
2021-06-07,111.855
2021-06-08,111.598
2021-06-09,111.809
2021-06-10,112.129
2021-06-11,112.361
2021-06-12,111.969
2021-06-13,112.389
2021-06-14,111.988
2021-06-15,112.098
2021-06-16,112.079
2021-06-17,111.578
2021-06-18,111.138
2021-06-19,111.380
2021-06-20,111.509
2021-06-21,111.788
2021-06-22,111.429
2021-06-23,111.703
2021-06-24,112.012
2021-06-25,112.020
2021-06-26,112.128
2021-06-27,112.004
2021-06-28,111.872
2021-06-29,111.955
2021-06-30,112.022
2021-07-01,111.491
2021-07-02,111.063
2021-07-03,111.329
2021-07-04,111.654
2021-07-05,111.720
2021-07-06,111.906
2021-07-07,111.417
2021-07-08,111.933
2021-07-09,112.054
2021-07-10,111.642
2021-07-11,111.618
2021-07-12,111.999
2021-07-13,112.068
2021-07-14,111.776
2021-07-15,111.339
2021-07-16,111.158
2021-07-17,111.459
2021-07-18,112.016
2021-07-19,111.827
2021-07-20,111.594
2021-07-21,111.113
2021-07-22,111.187
2021-07-23,110.991
2021-07-24,110.819
2021-07-25,110.985
2021-07-26,111.270
2021-07-27,111.406
2021-07-28,110.735
2021-07-29,110.925
2021-07-30,111.402
2021-07-31,111.577
2021-08-01,111.883
2021-08-02,111.732
2021-08-03,110.913
2021-08-04,111.048
2021-08-05,110.790
2021-08-06,110.927
2021-08-07,111.115
2021-08-08,111.091
2021-08-09,111.319
2021-08-10,111.710
2021-08-11,111.756
2021-08-12,111.626
2021-08-13,111.855
2021-08-14,112.351
2021-08-15,112.298
2021-08-16,112.031
2021-08-17,112.055
2021-08-18,112.663
2021-08-19,113.422
2021-08-20,113.868
2021-08-21,113.387
2021-08-22,113.691
2021-08-23,113.105
2021-08-24,112.084
2021-08-25,111.838
2021-08-26,111.731
2021-08-27,111.678
2021-08-28,111.812
2021-08-29,111.443
2021-08-30,111.030
2021-08-31,111.555
2021-09-01,111.872
2021-09-02,112.176
2021-09-03,112.248
2021-09-04,112.177
2021-09-05,112.097
2021-09-06,112.133
2021-09-07,112.519
2021-09-08,111.729
2021-09-09,112.061
2021-09-10,112.409
2021-09-11,112.290
2021-09-12,111.657
2021-09-13,112.329
2021-09-14,112.409
2021-09-15,112.370
2021-09-16,112.607
2021-09-17,112.883
2021-09-18,111.721
2021-09-19,111.566
2021-09-20,111.602
2021-09-21,111.570
2021-09-22,111.073
2021-09-23,111.468
2021-09-24,111.169
2021-09-25,110.889
2021-09-26,110.540
2021-09-27,110.284
2021-09-28,110.289
2021-09-29,110.669
2021-09-30,111.111
2021-10-01,110.733
2021-10-02,110.873
2021-10-03,111.373
2021-10-04,111.489
2021-10-05,112.249
2021-10-06,112.070
2021-10-07,111.652
2021-10-08,112.083
2021-10-09,112.269
2021-10-10,112.377
2021-10-11,111.750
2021-10-12,111.060
2021-10-13,111.457
2021-10-14,112.169
2021-10-15,112.882
2021-10-16,112.472
2021-10-17,111.255
2021-10-18,111.250
2021-10-19,111.602
2021-10-20,111.285
2021-10-21,111.909
2021-10-22,112.000
2021-10-23,112.201
2021-10-24,112.300
2021-10-25,111.698
2021-10-26,111.554
2021-10-27,111.194
2021-10-28,112.017
2021-10-29,111.801
2021-10-30,112.090
2021-10-31,110.970
2021-11-01,110.912
2021-11-02,110.377
2021-11-03,109.902
2021-11-04,104.671
2021-11-05,106.764
2021-11-06,109.044
2021-11-07,110.093
2021-11-08,110.315
2021-11-09,110.455
2021-11-10,110.897
2021-11-11,111.593
2021-11-12,111.828
2021-11-13,111.557
2021-11-14,111.709
2021-11-15,111.396
2021-11-16,111.452
2021-11-17,111.142
2021-11-18,111.450
2021-11-19,111.649
2021-11-20,111.379
2021-11-21,111.067
2021-11-22,111.164
2021-11-23,111.168
2021-11-24,111.074
2021-11-25,112.169
2021-11-26,112.617
2021-11-27,111.926
2021-11-28,111.938
2021-11-29,111.899
2021-11-30,111.868
2021-12-01,111.057
2021-12-02,110.811
2021-12-03,110.375
2021-12-04,110.710
2021-12-05,110.506
2021-12-06,110.495
2021-12-07,111.280
2021-12-08,111.289
2021-12-09,111.288
2021-12-10,111.745
2021-12-11,111.021
2021-12-12,110.893
2021-12-13,111.308
2021-12-14,111.075
2021-12-15,111.279
2021-12-16,111.764
2021-12-17,111.641
2021-12-18,112.103
2021-12-19,112.266
2021-12-20,111.214
2021-12-21,111.413
2021-12-22,111.348
2021-12-23,111.210
2021-12-24,111.111
2021-12-25,111.402
2021-12-26,111.799
2021-12-27,111.800
2021-12-28,110.995
2021-12-29,111.088
2021-12-30,110.968
2021-12-31,111.481
2022-01-01,110.534
2022-01-02,110.054
2022-01-03,110.602
2022-01-04,110.999
2022-01-05,111.761
2022-01-06,112.077
2022-01-07,111.659
2022-01-08,112.180
2022-01-09,110.685
2022-01-10,110.376
2022-01-11,110.437
2022-01-12,110.787
2022-01-13,111.441
2022-01-14,111.521
2022-01-15,111.658
2022-01-16,111.584
2022-01-17,111.446
2022-01-18,111.046
2022-01-19,110.952
2022-01-20,111.615
2022-01-21,111.816
2022-01-22,111.048
2022-01-23,110.698
2022-01-24,111.477
2022-01-25,111.248
2022-01-26,110.125
2022-01-27,109.863
2022-01-28,109.908
2022-01-29,110.119
2022-01-30,110.341
2022-01-31,111.036
2022-02-01,111.413
2022-02-02,110.188
2022-02-03,110.195
2022-02-04,110.327
2022-02-05,110.192
2022-02-06,110.724
2022-02-07,110.862
2022-02-08,111.122
2022-02-09,111.400
2022-02-10,110.961
2022-02-11,111.517
2022-02-12,111.093
2022-02-13,110.311
2022-02-14,109.895
2022-02-15,110.001
2022-02-16,110.164
2022-02-17,110.254
2022-02-18,109.787
2022-02-19,109.796
2022-02-20,109.299
2022-02-21,108.814
2022-02-22,108.214
2022-02-23,107.915
2022-02-24,108.570
2022-02-25,109.354
2022-02-26,109.343
2022-02-27,109.099
2022-02-28,109.727
2022-03-01,110.105
2022-03-02,110.502
2022-03-03,110.471
2022-03-04,110.438
2022-03-05,109.998
2022-03-06,109.704
2022-03-07,109.865
2022-03-08,109.800
2022-03-09,110.051
2022-03-10,110.196
2022-03-11,109.656
2022-03-12,110.296
2022-03-13,110.115
2022-03-14,106.772
2022-03-15,108.156
2022-03-16,108.467
2022-03-17,109.090
2022-03-18,109.546
2022-03-19,109.984
2022-03-20,109.979
2022-03-21,109.961
2022-03-22,110.337
2022-03-23,110.428
2022-03-24,110.789
2022-03-25,111.073
2022-03-26,111.300
2022-03-27,110.204
2022-03-28,109.631
2022-03-29,110.426
2022-03-30,110.927
2022-03-31,109.335
2022-04-01,109.266
2022-04-02,108.865
2022-04-03,109.138
2022-04-04,109.051
2022-04-05,109.740
2022-04-06,110.171
2022-04-07,111.149
2022-04-08,109.596
2022-04-09,110.248
2022-04-10,110.216
2022-04-11,110.040
2022-04-12,110.337
2022-04-13,110.174
2022-04-14,109.962
2022-04-15,109.815
2022-04-16,109.703
2022-04-17,109.825
2022-04-18,109.785
2022-04-19,110.209
2022-04-20,110.762
2022-04-21,109.584
2022-04-22,108.671
2022-04-23,108.117
2022-04-24,108.304
2022-04-25,108.992
2022-04-26,109.757
2022-04-27,109.755
2022-04-28,109.548
2022-04-29,108.975
2022-04-30,108.326
2022-05-01,108.123
2022-05-02,108.348
2022-05-03,108.908
2022-05-04,108.989
2022-05-05,108.671
2022-05-06,108.782
2022-05-07,108.918
2022-05-08,109.362
2022-05-09,108.328
2022-05-10,108.471
2022-05-11,109.151
2022-05-12,109.271
2022-05-13,108.971
2022-05-14,108.983
2022-05-15,108.420
2022-05-16,108.616
2022-05-17,108.554
2022-05-18,108.556
2022-05-19,108.064
2022-05-20,105.956
2022-05-21,105.979
2022-05-22,107.160
2022-05-23,107.919
2022-05-24,108.729
2022-05-25,109.137
2022-05-26,109.255
2022-05-27,109.281
2022-05-28,106.830
2022-05-29,106.712
2022-05-30,106.518
2022-05-31,106.176
2022-06-01,106.301
2022-06-02,106.736
2022-06-03,107.017
2022-06-04,107.064
2022-06-05,107.642
2022-06-06,107.242
2022-06-07,107.006
2022-06-08,107.920
2022-06-09,108.621
2022-06-10,109.530
2022-06-11,108.928
2022-06-12,108.612
2022-06-13,108.577
2022-06-14,108.431
2022-06-15,106.532
2022-06-16,105.079
2022-06-17,105.103
2022-06-18,104.464
2022-06-19,104.356
2022-06-20,104.855
2022-06-21,106.052
2022-06-22,106.488
2022-06-23,106.602
2022-06-24,106.512
2022-06-25,106.608
2022-06-26,105.654
2022-06-27,105.299
2022-06-28,105.585
2022-06-29,106.034
2022-06-30,106.298
2022-07-01,106.586
2022-07-02,106.768
2022-07-03,106.645
2022-07-04,107.514
2022-07-05,108.116
2022-07-06,108.773
2022-07-07,108.133
2022-07-08,108.320
2022-07-09,108.676
2022-07-10,108.183
2022-07-11,107.295
2022-07-12,105.340
2022-07-13,104.201
2022-07-14,104.547
2022-07-15,105.065
2022-07-16,105.831
2022-07-17,106.564
2022-07-18,106.818
2022-07-19,105.036
2022-07-20,104.713
2022-07-21,105.434
2022-07-22,105.471
2022-07-23,102.329
2022-07-24,102.079
2022-07-25,102.468
2022-07-26,103.203
2022-07-27,103.060
2022-07-28,103.570
2022-07-29,103.423
2022-07-30,103.749
2022-07-31,104.146
2022-08-01,104.784
2022-08-02,105.141
2022-08-03,104.998
2022-08-04,105.336
2022-08-05,105.851
2022-08-06,106.156
2022-08-07,106.095
2022-08-08,104.783
2022-08-09,103.784
2022-08-10,103.150
2022-08-11,103.105
2022-08-12,103.952
2022-08-13,104.441
2022-08-14,105.081
2022-08-15,105.999
2022-08-16,106.736
2022-08-17,105.622
2022-08-18,104.531
2022-08-19,103.856
2022-08-20,102.458
2022-08-21,102.106
2022-08-22,102.934
2022-08-23,103.213
2022-08-24,103.614
2022-08-25,103.925
2022-08-26,103.875
2022-08-27,104.023
2022-08-28,104.375
2022-08-29,104.429
2022-08-30,104.749
2022-08-31,104.900
2022-09-01,105.569
2022-09-02,105.608
2022-09-03,105.126
2022-09-04,105.153
2022-09-05,104.140
2022-09-06,105.374
2022-09-07,106.504
2022-09-08,106.672
2022-09-09,106.147
2022-09-10,106.437
2022-09-11,106.983
2022-09-12,107.506
2022-09-13,107.982
2022-09-14,107.669
2022-09-15,107.842
2022-09-16,107.020
2022-09-17,106.762
2022-09-18,105.747
2022-09-19,104.945
2022-09-20,104.275
2022-09-21,103.470
2022-09-22,103.399
2022-09-23,103.598
2022-09-24,104.303
2022-09-25,105.029
2022-09-26,105.404
2022-09-27,103.098
2022-09-28,102.955
2022-09-29,104.040
2022-09-30,103.781
2022-10-01,103.979
2022-10-02,103.940
2022-10-03,104.069
2022-10-04,103.604
2022-10-05,105.915
2022-10-06,106.883
2022-10-07,108.006
2022-10-08,107.520
2022-10-09,107.476
2022-10-10,107.366
2022-10-11,107.978
2022-10-12,108.614
2022-10-13,108.840
2022-10-14,108.591
2022-10-15,105.918
2022-10-16,105.246
2022-10-17,105.311
2022-10-18,105.755
2022-10-19,105.986
2022-10-20,106.336
2022-10-21,106.202
2022-10-22,105.796
2022-10-23,105.987
2022-10-24,105.769
2022-10-25,105.527
2022-10-26,105.508
2022-10-27,105.721
2022-10-28,105.749
2022-10-29,106.255
2022-10-30,106.335
2022-10-31,106.053
2022-11-01,106.546
2022-11-02,106.627
2022-11-03,106.668
2022-11-04,106.983
2022-11-05,107.396
2022-11-06,108.170
2022-11-07,106.819
2022-11-08,105.919
2022-11-09,107.025
2022-11-10,106.878
2022-11-11,106.764
2022-11-15,106.423
2022-11-16,106.518
2022-11-17,106.706
2022-11-18,106.928
2022-11-19,106.382
2022-11-20,106.168
2022-11-21,105.423
2022-11-22,105.256
2022-11-23,105.298
2022-11-24,105.400
2022-11-25,105.521
2022-11-26,105.319
2022-11-27,104.965
2022-11-28,104.299
2022-11-29,104.167
2022-11-30,104.539
2022-12-01,104.386
2022-12-02,104.562
2022-12-03,104.175
2022-12-04,104.294
2022-12-05,105.081
2022-12-06,105.112
2022-12-07,105.174
2022-12-08,104.224
2022-12-09,104.302
2022-12-10,104.614
2022-12-11,104.898
2022-12-12,104.959
2022-12-13,105.224
2022-12-14,105.006
2022-12-15,105.352
2022-12-16,105.009
2022-12-17,105.001
2022-12-18,104.848
2022-12-19,103.532
2022-12-20,103.131
2022-12-21,102.880
2022-12-22,102.759
2022-12-23,103.174
2022-12-24,103.362
2022-12-25,103.397
2022-12-26,101.391
2022-12-27,100.540
2022-12-28,101.105
2022-12-29,101.985
2022-12-30,101.999
2022-12-31,103.313
2023-01-01,104.737
2023-01-02,105.112
2023-01-03,105.587
2023-01-04,103.764
2023-01-05,104.831
2023-01-06,104.405
2023-01-07,104.322
2023-01-08,104.418
2023-01-09,104.533
2023-01-10,105.157
2023-01-11,104.649
2023-01-12,104.531
2023-01-13,103.622
2023-01-14,102.987
2023-01-15,103.136
2023-01-16,103.166
2023-01-17,102.880
2023-01-18,101.397
2023-01-19,101.617
2023-01-20,100.949
2023-01-21,100.349
2023-01-22,100.970
2023-01-23,102.266
2023-01-24,102.339
2023-01-25,102.566
2023-01-26,102.623
2023-01-27,102.326
2023-01-28,103.018
2023-01-29,103.885
2023-01-30,104.352
2023-01-31,104.251
2023-02-01,105.007
2023-02-02,104.502
2023-02-03,103.689
2023-02-04,103.778
2023-02-05,103.359
2023-02-06,102.999
2023-02-07,102.524
2023-02-08,101.978
2023-02-09,101.662
2023-02-10,101.943
2023-02-11,102.213
2023-02-12,102.204
2023-02-13,102.572
2023-02-14,101.504
2023-02-15,101.100
2023-02-16,100.878
2023-02-17,100.713
2023-02-18,101.053
2023-02-19,101.353
2023-02-20,101.007
2023-02-26,100.080
2023-03-02,100.181
2023-03-03,101.140
2023-03-04,101.064
2023-03-05,101.445
2023-03-06,101.693
2023-03-07,102.525
2023-03-08,103.097
2023-03-09,103.465
2023-03-10,103.721
2023-03-11,103.538
2023-03-12,103.865
2023-03-13,103.646
2023-03-14,102.988
2023-03-15,101.004
2023-03-16,100.431
2023-03-17,101.024
2023-03-18,100.447
2023-03-19,100.621
2023-03-20,100.234
2023-03-27,100.472
2023-03-28,100.988
2023-03-29,100.928
2023-03-30,100.956
2023-03-31,100.834
2023-04-01,101.285
2023-04-02,101.768
2023-04-03,101.954
2023-04-04,102.098
2023-04-05,102.475
2023-04-06,102.785
2023-04-07,103.439
2023-04-08,103.982
2023-04-09,104.290
2023-04-10,104.381
2023-04-11,103.857
2023-04-12,103.702
2023-04-13,103.714
2023-04-14,103.117
2023-04-15,102.352
2023-04-16,102.605
2023-04-17,102.518
2023-04-18,101.474
2023-04-19,100.473
2023-04-20,101.175
2023-04-21,101.443
2023-04-22,101.737
2023-04-23,101.964
2023-04-26,101.298
2023-04-27,102.096
2023-04-28,102.109
2023-04-29,102.385
2023-04-30,102.545
2023-05-01,102.664
2023-05-02,102.862
2023-05-03,103.221
2023-05-04,103.317
2023-05-05,103.656
2023-05-06,103.482
2023-05-07,102.420
2023-05-14,100.082
2023-05-15,100.706
2023-05-16,101.151
2023-05-17,101.609
2023-05-18,102.233
2023-05-19,102.184
2023-05-20,101.260
2023-05-21,101.156
2023-05-22,101.281
2023-05-23,102.076
2023-05-24,102.576
2023-05-25,102.944
2023-05-26,103.892
2023-05-27,104.236
2023-05-28,104.017
2023-05-29,103.996
2023-05-30,103.427
2023-05-31,102.973
2023-06-01,103.305
2023-06-02,102.721
2023-06-03,102.679
2023-06-04,102.152
2023-06-05,101.909
2023-06-06,101.960
2023-06-07,102.199
2023-06-08,101.969
2023-06-09,102.481
2023-06-10,102.784
2023-06-11,101.737
2023-06-12,101.497
2023-06-13,101.231
2023-06-14,101.854
2023-06-15,102.087
2023-06-16,101.552
2023-06-17,101.306
2023-06-18,101.395
2023-06-19,101.646
2023-06-20,101.727
2023-06-21,101.687
2023-06-22,101.597
2023-06-23,101.639
2023-06-24,101.052
2023-06-25,100.872
2023-06-29,100.228
2023-06-30,100.230
2023-07-01,100.141
2023-07-02,100.388
2023-07-06,100.143
2023-07-08,100.411
2023-07-09,100.402
2023-07-10,100.523
2023-07-11,100.469
2023-07-12,101.078
2023-07-13,101.568
2023-07-14,102.048
2023-07-15,100.187
2023-07-16,100.542
2023-07-19,100.401
2023-07-20,101.249
2023-07-21,101.246
2023-07-22,100.897
2023-07-23,100.650
2023-07-24,100.992
2023-07-25,100.938
2023-07-26,100.198
2023-08-16,100.177
2023-08-17,100.426
2023-08-18,100.680
2023-08-19,100.420
2023-08-25,100.185
2023-09-06,100.418
2023-09-07,100.629
2023-09-08,100.473
2023-09-09,100.373
2023-09-10,100.095
2023-09-11,100.328
2023-09-15,100.036
2023-10-02,100.273
2023-10-03,100.254
2023-10-04,100.437
2023-10-05,100.225
2023-10-08,100.375
2023-10-10,100.085
2023-10-16,100.078
2023-10-17,100.481
2023-10-18,100.729
2023-10-22,100.100
2023-10-23,100.087
2023-10-24,100.624
2023-10-25,100.774
2023-10-26,100.808
2023-10-27,100.853
2023-10-28,100.471
2023-10-29,100.013
2023-11-18,100.493
2023-11-19,100.378
2023-11-20,100.781
2023-11-24,100.270
2024-01-31,100.124
2024-02-01,100.527
2024-02-02,100.384
2024-02-03,100.285
2024-02-04,100.364
2024-07-03,100.239
2024-07-15,100.063
2024-07-16,100.296
2024-07-17,100.218
2024-07-18,100.500
2024-07-19,100.774
2024-07-20,100.599
2024-07-21,100.289
2024-07-22,100.288
2024-07-23,100.516
2026-05-12,100.018
2026-05-19,100.076
2026-05-21,100.567
2026-05-22,101.216
2026-05-23,101.054
2026-05-24,100.919
2026-05-25,100.949
2026-05-26,100.935
2026-05-27,101.696
2026-05-28,101.953
2026-05-29,101.228
2026-05-30,100.574
2026-05-31,100.001
2026-06-19,100.247
2026-06-22,100.057
2026-06-23,100.402
2026-06-24,100.342
2026-06-28,100.027
2026-06-29,100.448
2026-06-30,100.050
2026-07-20,100.292
2026-07-21,100.995
2026-07-22,100.760
2026-07-23,100.639
2026-07-26,100.089
2026-07-27,100.712
2026-07-29,100.348
2026-07-30,100.194
2026-07-31,100.255
2026-08-01,100.508
2026-08-02,100.278
2026-08-07,100.259
2026-08-08,100.520
2026-08-09,100.374
2026-08-10,100.578
2026-08-11,100.819
2026-08-12,100.729
2026-08-13,101.021
2026-08-14,100.747
2026-08-15,100.469
2026-08-16,100.945
2026-08-17,101.185
2026-08-18,100.918
2026-08-19,100.759
2026-08-20,101.216
2026-08-21,101.655
2026-08-22,102.206
2026-08-23,102.417
2026-08-24,102.619
2026-08-25,102.308
2026-08-26,102.810
2026-08-27,103.127
2026-08-28,102.900
2026-08-29,101.891
2026-08-30,100.987
2026-08-31,101.080
